№ п/п;ID_Транзакції;Місяць;Дата;Категорія;Картка;Опис операції;Сума;Залишок
1;40465997;Травень 2026;31.05.2026 17:32:54;продукти;Приват Sid Унів;SHOP EDEM, 3.NEZALEZHNOSTI ST;-190,00;-34 873,51
2;39956423;Травень 2026;31.05.2026 16:47:24;продукти;Приват Sid Унів;АТБ;-205,27;-34 683,51
3;15585222;Травень 2026;31.05.2026 14:33:33;техніка і цифрові товари;Приват Sid Унів;Фотохатка;-20,00;-34 478,24
4;99164914;Травень 2026;31.05.2026 14:30:44;техніка і цифрові товари;Приват Sid Унів;Фотохатка;-150,00;-34 458,24
5;63631222;Травень 2026;31.05.2026 12:46:55;продукти;Приват Sid Унів;SHOP DOBROBUT, 2A.ZAVODSKA ST;-64,50;-34 308,24
6;68368822;Травень 2026;30.05.2026 10:25:09;ресторани та розваги;Приват Sid Унів;COFEE VAPE;-30,00;-34 243,74
7;13511650;Травень 2026;30.05.2026 10:23:22;поповнення готівкою;Monobank Sid Чорна;City24;15 000,00;15 390,71
8;95327447;Травень 2026;30.05.2026 10:14:00;продукти;А-Банк Sid АТБ;АТБ;-234,55;-8 085,72
9;34259560;Травень 2026;29.05.2026 20:41:24;продукти;Приват Sid Унів;АТБ;-128,21;-34 213,74
10;91926774;Травень 2026;29.05.2026 20:03:16;продукти;Приват Sid Унів;АТБ;-161,20;-34 085,53
11;26644345;Травень 2026;29.05.2026 17:38:55;продукти;Приват Sid Унів;АТБ;-54,00;-33 924,33
12;76186937;Травень 2026;29.05.2026 16:26:46;продукти;Приват Sid Унів;MAGAZYN, 102.ZARICHNA ST;-50,00;-33 870,33
13;98256141;Травень 2026;29.05.2026 14:40:37;компослуги;Приват Olenka Унів;PORTMONE INTERNET W, KYIV;-306,00;-3 432,02
14;34210923;Травень 2026;29.05.2026 14:33:53;продукти;Приват Sid Унів;АТБ;-173,90;-33 820,33
15;50361733;Травень 2026;29.05.2026 14:25:22;продукти;Приват Sid Унів;Сільпо;-28,99;-33 646,43
16;25558050;Травень 2026;29.05.2026 13:56:41;продукти;Приват Sid Унів;MARKET, 32.32.PYMONENKA ST AVE;-87,00;-33 617,44
17;63813156;Травень 2026;29.05.2026 12:11:00;ресторани та розваги;А-Банк Sid АТБ;shaurma 1;-125,00;-7 851,17
18;05408400;Травень 2026;29.05.2026 10:55:19;продукти;Приват Sid Унів;SHOP EDEM, 3.NEZALEZHNOSTI ST;-190,00;-33 530,44
19;58947237;Травень 2026;29.05.2026 10:12:00;продукти;А-Банк Sid АТБ;АТБ;-405,99;-7 726,17
20;46473597;Травень 2026;28.05.2026 16:20:29;продукти;Приват Sid Унів;АТБ;-99,60;-33 340,44
21;49879960;Травень 2026;28.05.2026 16:13:31;продукти;Приват Sid Унів;SHOP EDEM, 3.NEZALEZHNOSTI ST;-191,00;-33 240,84
22;50147531;Травень 2026;28.05.2026 13:46:11;продукти;Приват Sid Унів;MARKET, 32.32.PYMONENKA ST AVE;-54,00;-33 049,84
23;94029837;Травень 2026;28.05.2026 12:45:32;техніка і цифрові товари;Приват Sid Унів;Фотохатка;-334,00;-32 995,84
24;54975256;Травень 2026;28.05.2026 12:33:28;ресторани та розваги;Приват Sid Унів;Сiмейна Пекарня;-76,00;-32 661,84
25;47630909;Травень 2026;28.05.2026 11:18:18;компослуги;Приват Sid Унів;WWW.IPAY.UA.TELECAP, Nizhnioyurkivska 45a;-102,56;-32 585,84
26;68879018;Травень 2026;28.05.2026 09:26:55;інші витрати;Приват Olenka Виплати;Зняття готівки в банкоматі;-20 000,00;48 662,68
27;32999530;Травень 2026;27.05.2026 21:36:50;продукти;Приват Sid Унів;АТБ;-93,60;-32 483,28
28;79247973;Травень 2026;27.05.2026 20:50:52;переказ на чужий рахунок;Приват Olenka Виплати;На картку;-1 206,00;68 662,68
29;77656398;Травень 2026;27.05.2026 19:48:41;продукти;Приват Sid Унів;АТБ;-71,20;-32 389,68
30;71197981;Травень 2026;27.05.2026 17:22:54;продукти;Приват Sid Унів;Сільпо;-35,49;-32 318,48
31;82426271;Травень 2026;27.05.2026 16:47:18;ресторани та розваги;Приват Sid Унів;KFC;-247,00;-32 282,99
32;44461919;Травень 2026;27.05.2026 15:05:55;продукти;Приват Sid Унів;SHOP EDEM, 3.NEZALEZHNOSTI ST;-190,00;-32 035,99
33;41804842;Травень 2026;27.05.2026 14:36:24;продукти;Приват Sid Унів;АТБ;-129,60;-31 845,99
34;02794782;Травень 2026;27.05.2026 13:21:37;продукти;Приват Sid Унів;АТБ;-460,32;-31 716,39
35;58936743;Травень 2026;27.05.2026 13:02:26;продукти;Приват Sid Унів;MARKET, 32.32.PYMONENKA ST AVE;-92,00;-31 256,07
36;12453109;Травень 2026;27.05.2026 12:43:30;техніка і цифрові товари;Приват Sid Унів;Фотохатка;-26,00;-31 164,07
37;41710471;Травень 2026;27.05.2026 12:31:13;зняття готівки;Приват Olenka Виплати;Зняття готівки в банкоматі;-9 048,00;69 868,68
38;41710471;Травень 2026;27.05.2026 12:31:13;інші витрати;Приват Olenka Виплати;Зняття готівки в банкоматі;-952,00;69 868,68
39;04120413;Травень 2026;27.05.2026 12:25:12;житло та побут;Приват Sid Унів;"МАГАЗИН ""ГОСПОДАР""";-75,00;-31 138,07
40;51498887;Травень 2026;27.05.2026 11:46:31;зарплата і виплати;Приват Sid Виплати;Зарплата, ХЗВВСП. Коментар: Hroshove zabezpechennia za traven' 2026. zarobitna plata;1 000,00;1 279,92
41;76347518;Травень 2026;27.05.2026 10:55:58;спорт;Приват Sid Унів;Комплексна Дитячо-юнацька Спортивна Школа;-942,48;-31 063,07
42;00816702;Травень 2026;26.05.2026 18:18:58;продукти;Приват Sid Унів;АТБ;-160,60;-30 120,59
43;60403189;Травень 2026;26.05.2026 18:03:28;техніка і цифрові товари;Приват Sid Унів;Фотохатка;-210,00;-29 959,99
44;78879989;Травень 2026;26.05.2026 17:25:36;продукти;Приват Sid Унів;MARKET, 32.32.PYMONENKA ST AVE;-30,00;-29 749,99
45;69017590;Травень 2026;25.05.2026 17:31:08;продукти;Приват Sid Унів;SHOP EDEM, 3.NEZALEZHNOSTI ST;-190,00;-29 719,99
46;80239204;Травень 2026;25.05.2026 15:34:46;продукти;Приват Sid Унів;АТБ;-175,00;-29 529,99
47;65149256;Травень 2026;25.05.2026 13:34:17;продукти;Приват Sid Унів;MARKET, 32.32.PYMONENKA ST AVE;-92,00;-29 354,99
48;02832823;Травень 2026;24.05.2026 20:57:15;продукти;Приват Sid Унів;АТБ;-121,30;-29 262,99
49;32671575;Травень 2026;24.05.2026 17:10:08;громадський транспорт;Приват Sid Унів;Е-квиток Леокарт;-52,00;-29 141,69
50;41384580;Травень 2026;24.05.2026 16:54:35;продукти;Приват Sid Унів;АТБ;-183,60;-29 089,69
51;67141343;Травень 2026;24.05.2026 13:50:28;продукти;Приват Sid Унів;MAGAZYN 365, 6A/8A.OSTROVSKOGO ST;-54,00;-28 906,09
52;47690930;Травень 2026;24.05.2026 12:22:59;продукти;Приват Sid Унів;minimarket Mary, area Khmelnytska, c Slavuta, s;-118,00;-28 852,09
53;02915881;Травень 2026;24.05.2026 12:14:05;житло та побут;Приват Sid Унів;EVA;-297,96;-28 734,09
54;59154985;Травень 2026;24.05.2026 11:54:29;здоров'я та краса;Приват Sid Унів;АПТЕКА ОПТОВИХ Ц;-487,26;-28 436,13
55;88125759;Травень 2026;24.05.2026 11:04:44;продукти;Приват Sid Унів;SHOP EDEM, 3.NEZALEZHNOSTI ST;-190,00;-27 948,87
56;35267246;Травень 2026;23.05.2026 18:36:09;ресторани та розваги;Приват Sid Унів;COFEE VAPE;-30,00;-27 758,87
57;43491776;Травень 2026;23.05.2026 11:08:00;продукти;А-Банк Sid АТБ;АТБ;-321,70;-7 320,18
58;84734503;Травень 2026;23.05.2026 10:57:17;техніка і цифрові товари;Приват Sid Унів;Аврора;-169,00;-27 728,87
59;24113220;Травень 2026;23.05.2026 10:53:43;житло та побут;Приват Sid Унів;EVA;-1 133,78;-27 559,87
60;97180516;Травень 2026;22.05.2026 19:16:00;продукти;А-Банк Sid АТБ;АТБ;-396,30;-6 998,48
61;79373157;Травень 2026;22.05.2026 18:48:02;ресторани та розваги;Приват Sid Унів;PYVO VODY, SLAVUTA;-542,00;-26 426,09
62;32988030;Травень 2026;22.05.2026 18:39:00;продукти;А-Банк Sid АТБ;SHOP EDEM;-185,00;-6 602,18
63;21916526;Травень 2026;22.05.2026 17:26:11;продукти;Приват Sid Унів;АТБ;-57,30;-25 884,09
64;03016455;Травень 2026;22.05.2026 13:45:24;продукти;Приват Sid Унів;Сільпо;-30,99;-25 826,79
65;05205312;Травень 2026;22.05.2026 13:27:27;громадський транспорт;Приват Sid Унів;Е-квиток Леокарт;-26,00;-25 795,80
66;50971305;Травень 2026;22.05.2026 11:28:31;зарплата і виплати;Приват Olenka Виплати;Зарплата, ВIЙСЬКОВА ЧАСТИНА А 5068. Коментар: Hroshove zabezpechennia za traven' 2026;78 829,68;79 868,68
67;36989245;Травень 2026;21.05.2026 21:55:26;продукти;Приват Sid Унів;MINI-MARKET, 5.5.LYSYNETSKA ST AVE;-66,00;-25 769,80
68;10325105;Травень 2026;21.05.2026 16:49:43;продукти;Приват Sid Унів;АТБ;-133,80;-25 703,80
69;81431572;Травень 2026;21.05.2026 14:01:09;продукти;Приват Sid Унів;MARKET, 32.32.PYMONENKA ST AVE;-92,00;-25 570,00
70;49462258;Травень 2026;21.05.2026 13:00:00;продукти;А-Банк Sid АТБ;АТБ;-618,20;-6 417,18
71;13258156;Травень 2026;21.05.2026 12:36:43;продукти;Приват Sid Унів;SMACHNO Z NAMY, M. SHEPETIVKA;-267,36;-25 478,00
72;69183084;Травень 2026;21.05.2026 12:34:02;продукти;Приват Sid Унів;Подiльський Фермер;-604,56;-25 210,64
73;05911722;Травень 2026;21.05.2026 12:12:46;зв'язок;Приват Sid Унів;Київстар;-270,00;-24 606,08
74;42792727;Травень 2026;21.05.2026 11:39:33;поштові послуги;Приват Sid Унів;NovaPay;-80,00;-24 336,08
75;12528248;Травень 2026;21.05.2026 11:30:13;житло та побут;Приват Sid Унів;"МАГАЗИН ""ГОСПОДАР""";-843,00;-24 256,08
76;30738841;Травень 2026;21.05.2026 10:05:00;продукти;А-Банк Sid АТБ;SHOP EDEM;-155,00;-5 798,98
77;18319343;Травень 2026;20.05.2026 22:36:44;продукти;Приват Sid Унів;АТБ;-90,90;-23 413,08
78;29501177;Травень 2026;20.05.2026 18:10:23;продукти;Приват Sid Унів;Сільпо;-46,99;-23 322,18
79;64783294;Травень 2026;20.05.2026 17:22:57;ресторани та розваги;Приват Sid Унів;KFC;-142,00;-23 275,19
80;05620709;Травень 2026;20.05.2026 14:14:33;продукти;Приват Sid Унів;Близенько;-48,98;-23 133,19
81;04538870;Травень 2026;20.05.2026 13:43:07;громадський транспорт;Приват Sid Унів;Е-квиток Леокарт;-52,00;-23 084,21
82;09761095;Травень 2026;19.05.2026 21:48:55;продукти;Приват Sid Унів;АТБ;-176,30;-23 032,21
83;37827261;Травень 2026;19.05.2026 17:48:41;продукти;Приват Sid Унів;МАГАЗИН МАК;-142,00;-22 855,91
84;31859999;Травень 2026;19.05.2026 17:31:58;ресторани та розваги;Приват Sid Унів;Craf PizzaSush, ID платежу: 2857354654;-1 112,00;-22 713,91
85;25171212;Травень 2026;19.05.2026 17:04:36;продукти;Приват Sid Унів;АТБ;-70,90;-21 601,91
86;91649350;Травень 2026;19.05.2026 15:16:43;здоров'я та краса;Приват Olenka Кешбек;Аптека 46 оптових ц;-456,50;459,41
87;69087216;Травень 2026;19.05.2026 15:12:20;здоров'я та краса;Приват Sid Унів;Аптека 46 оптових ц;-95,00;-21 531,01
88;98361161;Травень 2026;19.05.2026 15:04:38;здоров'я та краса;Приват Sid Унів;АВК ФАРМ;-500,52;-21 436,01
89;09357174;Травень 2026;19.05.2026 14:57:50;здоров'я та краса;Приват Sid Унів;Аптека низьких цін;-474,02;-20 935,49
90;63268437;Травень 2026;19.05.2026 14:39:58;поштові послуги;Приват Sid Унів;NovaPay;-94,82;-20 461,47
91;79658161;Травень 2026;19.05.2026 14:13:00;продукти;Приват Sid Унів;MARKET, 32.32.PYMONENKA ST AVE;-82,00;-20 366,65
92;76710115;Травень 2026;18.05.2026 20:36:56;компослуги;Приват Sid Унів;WWW.IPAY.UA.TELECAP, Nizhnioyurkivska 45a;-102,56;-20 284,65
93;58819088;Травень 2026;18.05.2026 19:47:20;продукти;Приват Sid Унів;АТБ;-156,20;-20 182,09
94;45975551;Травень 2026;18.05.2026 10:05:00;продукти;Приват Sid Унів;094 VELMART 01;-753,91;-20 025,89
95;13945900;Травень 2026;18.05.2026 09:45:00;техніка і цифрові товари;А-Банк Sid АТБ;Аврора;-14,00;-5 643,98
96;34100264;Травень 2026;18.05.2026 09:43:00;продукти;А-Банк Sid АТБ;FOP MYKHAJLYK V.V.;-236,00;-5 629,98
97;44530007;Травень 2026;18.05.2026 09:25:00;продукти;А-Банк Sid АТБ;SHOP DAR PLUS;-115,00;-5 393,98
98;40624438;Травень 2026;17.05.2026 20:16:16;продукти;Приват Sid Унів;АТБ;-168,60;-19 271,98
99;38868671;Травень 2026;17.05.2026 18:01:00;продукти;А-Банк Sid АТБ;SHOP EDEM;-156,00;-5 278,98
100;76110958;Травень 2026;17.05.2026 16:47:00;продукти;А-Банк Sid АТБ;АТБ;-373,48;-5 122,98
101;10215033;Травень 2026;17.05.2026 11:36:00;ресторани та розваги;А-Банк Sid АТБ;COFEEVAPE;-30,00;-4 749,50
102;59732822;Травень 2026;16.05.2026 19:55:46;витрати на авто;Приват Olenka Унів;Укрнафта;-3 126,02;-3 126,02
103;49426688;Травень 2026;16.05.2026 19:40:00;продукти;А-Банк Sid АТБ;АТБ;-483,06;-4 719,50
104;97330862;Травень 2026;16.05.2026 17:27:12;продукти;Приват Sid Унів;АТБ;-205,40;-19 103,38
105;49922188;Травень 2026;16.05.2026 16:36:21;продукти;Приват Sid Унів;АУРБИР УА;-238,86;-18 897,98
106;75414412;Травень 2026;16.05.2026 16:31:16;продукти;Приват Sid Унів;KORETSKI KOVBASY RYBA, HEROIV NEBESNOI SOTNI STR., 33;-337,30;-18 659,12
107;17961606;Травень 2026;16.05.2026 16:28:49;житло та побут;Приват Sid Унів;EVA;-153,22;-18 321,82
108;61689439;Травень 2026;16.05.2026 16:19:46;одяг та взуття;Приват Sid Унів;LIleya, Ukraine, area Khmelnytska, dis;-800,00;-18 168,60
109;98787443;Травень 2026;16.05.2026 15:50:12;одяг та взуття;Приват Sid Унів;sinsay;-358,00;-17 368,60
110;97624042;Травень 2026;16.05.2026 15:29:08;ресторани та розваги;Приват Sid Унів;VAPE LAND SHOP, SHEPETIVKA;-150,00;-17 010,60
111;79911941;Травень 2026;16.05.2026 15:23:26;одяг та взуття;Приват Sid Унів;Магазин EconomClass;-105,00;-16 860,60
112;13280777;Травень 2026;16.05.2026 14:44:33;переказ на чужий рахунок;Приват Olenka Виплати;На картку. Коментар: Угода 32610188;-969,00;1 039,00
113;29903778;Травень 2026;16.05.2026 14:42:38;громадський транспорт;Приват Sid Унів;Укрзалізниця;-395,26;-16 755,60
114;59446530;Травень 2026;16.05.2026 12:33:00;зв'язок;А-Банк Sid АТБ;Поповнення +380995268799;-300,00;-4 236,44
115;21960044;Травень 2026;15.05.2026 20:08:10;продукти;Приват Sid Унів;SHOP EDEM, 3.NEZALEZHNOSTI ST;-126,00;-16 360,34
116;57494215;Травень 2026;15.05.2026 20:06:35;продукти;Приват Sid Унів;SHOP EDEM, 3.NEZALEZHNOSTI ST;-185,00;-16 234,34
117;43951131;Травень 2026;15.05.2026 18:01:21;продукти;Приват Sid Унів;АТБ;-63,60;-16 049,34
118;12718871;Травень 2026;15.05.2026 14:40:24;громадський транспорт;Приват Sid Унів;Укрзалізниця;-104,99;-15 985,74
119;86309710;Травень 2026;15.05.2026 13:01:24;продукти;Приват Sid Унів;MARKET, 32.32.PYMONENKA ST AVE;-65,00;-15 880,75
120;89814240;Травень 2026;15.05.2026 10:54:07;продукти;Приват Sid Унів;SHOP EDEM, 3.NEZALEZHNOSTI ST;-30,00;-15 815,75
121;41929491;Травень 2026;15.05.2026 00:23:47;оплата кредитів;ПУМБ Sid кредит;99.93 99.93 0.00 . .Договірне грошових коштів на погашення заборгованості з-но кредитного договору № 5001593850501 від 14/02/2026, позичальник Сідорський Сергій Станісл ;-99,93;12,42
122;73654180;Травень 2026;14.05.2026 18:26:59;продукти;Приват Sid Унів;АТБ;-109,90;-15 785,75
123;26194592;Травень 2026;14.05.2026 14:05:51;продукти;Приват Sid Унів;MARKET, 32.32.PYMONENKA ST AVE;-57,00;-15 675,85
124;91581162;Травень 2026;14.05.2026 13:19:00;зв'язок;А-Банк Sid АТБ;Поповнення +380673091904;-200,00;-3 936,44
125;75921427;Травень 2026;14.05.2026 13:11:43;продукти;Приват Sid Унів;SHOP EDEM, 3.NEZALEZHNOSTI ST;-155,00;-15 618,85
126;67644788;Травень 2026;14.05.2026 12:36:43;продукти;Приват Sid Унів;MARKET, 32.32.PYMONENKA ST AVE;-82,00;-15 463,85
127;75148160;Травень 2026;14.05.2026 12:30:04;ресторани та розваги;Приват Sid Унів;COFEE VAPE;-30,00;-15 381,85
128;91830500;Травень 2026;14.05.2026 12:29:18;поштові послуги;Приват Sid Унів;NovaPay;-90,00;-15 351,85
129;13294533;Травень 2026;14.05.2026 10:17:58;поштові послуги;Приват Sid Унів;NovaPay;-135,00;-15 261,85
130;05235638;Травень 2026;13.05.2026 23:49:46;продукти;Приват Sid Унів;АТБ;-281,30;-15 126,85
131;37213235;Травень 2026;13.05.2026 17:29:51;продукти;Приват Sid Унів;АТБ;-70,10;-14 845,55
132;97038682;Травень 2026;13.05.2026 15:36:19;продукти;Приват Sid Унів;Близенько;-284,98;-14 775,45
133;90337147;Травень 2026;13.05.2026 15:12:19;громадський транспорт;Приват Sid Унів;Е-квиток Леокарт;-40,00;-14 490,47
134;35298030;Травень 2026;13.05.2026 13:35:25;продукти;Приват Sid Унів;МЯСНИЙ МАЙСТЕР;-833,59;-14 450,47
135;76346073;Травень 2026;13.05.2026 13:28:00;продукти;А-Банк Sid АТБ;АТБ;-535,36;-3 736,44
136;30719390;Травень 2026;13.05.2026 11:22:22;продукти;Приват Sid Унів;SHOP EDEM, 3.3.NEZALEZHNOSTI ST AVE;-165,00;-13 616,88
137;46051415;Травень 2026;13.05.2026 09:40:45;ресторани та розваги;Приват Sid Унів;Какао;-40,00;-13 451,88
138;41491060;Травень 2026;12.05.2026 16:38:56;продукти;Приват Sid Унів;АТБ;-53,50;-13 411,88
139;18049620;Травень 2026;12.05.2026 14:12:12;продукти;Приват Sid Унів;MARKET, 32.32.PYMONENKA ST AVE;-78,00;-13 358,38
140;89375228;Травень 2026;12.05.2026 12:58:00;компослуги;А-Банк Sid Кешбек;за газ;-672,78;0,00
141;56999771;Травень 2026;12.05.2026 12:49:39;компослуги;Приват Sid Кешбек;Нафтогаз;-735,02;0,00
142;92268705;Травень 2026;12.05.2026 12:04:26;продукти;Приват Sid Унів;SHOP EDEM, 3.NEZALEZHNOSTI ST;-30,00;-13 280,38
143;27931732;Травень 2026;12.05.2026 12:02:21;продукти;Приват Sid Унів;MARKET, 32.32.PYMONENKA ST AVE;-45,00;-13 250,38
144;56623385;Травень 2026;12.05.2026 11:57:46;продукти;Приват Sid Унів;Fish place, OSTROH;-273,82;-13 205,38
145;81108114;Травень 2026;11.05.2026 17:03:35;продукти;Приват Sid Унів;АТБ;-128,30;-12 931,56
146;56945121;Травень 2026;11.05.2026 13:25:00;продукти;А-Банк Sid АТБ;АТБ;-391,30;-3 201,08
147;66206901;Травень 2026;11.05.2026 13:17:55;компослуги;Приват Sid Кешбек;Шепетівське РЕП, КП;-34,00;735,02
148;37402650;Травень 2026;11.05.2026 13:17:55;компослуги;Приват Sid Кешбек;ПРАТ Шепетівкагаз;-616,64;769,02
149;33533949;Травень 2026;11.05.2026 10:49:19;продукти;Приват Sid Унів;SHOP EDEM, 3.NEZALEZHNOSTI ST;-185,00;-12 803,26
150;10148470;Травень 2026;11.05.2026 10:33:29;ресторани та розваги;Приват Sid Унів;MAHAZYN RYBACHOK, BURYN;-251,00;-12 618,26
151;51747495;Травень 2026;11.05.2026 00:24:00;оплата кредитів;ПУМБ Sid кредит;1199.93 1199.93 0.00 . .Договірне грошових коштів на погашення заборгованості з-но кредитного договору № 5001587567301 від 10/02/2026, позичальник Сідорський Сергій Станісл ;-1 199,93;112,35
152;01827538;Травень 2026;10.05.2026 20:28:15;продукти;Приват Sid Унів;АТБ;-205,60;-12 367,26
153;98706047;Травень 2026;10.05.2026 12:24:51;продукти;Приват Sid Унів;Близенько;-50,98;-12 161,66
154;63534156;Травень 2026;10.05.2026 12:12:44;продукти;Приват Sid Унів;SHOP EDEM, 3.NEZALEZHNOSTI ST;-247,00;-12 110,68
155;79812041;Травень 2026;10.05.2026 11:54:49;громадський транспорт;Приват Sid Унів;Е-квиток Леокарт;-40,00;-11 863,68
156;42910691;Травень 2026;10.05.2026 10:57:18;переказ на чужий рахунок;Приват Olenka Виплати;На картку;-605,00;2 008,00
157;13326645;Травень 2026;09.05.2026 19:04:47;продукти;Приват Sid Унів;FOP GAVRYLENKO S.M., vul. Kutuzova, 15;-34,00;-11 823,68
158;54999251;Травень 2026;09.05.2026 17:15:31;ресторани та розваги;Приват Sid Унів;COFEE VAPE;-30,00;-11 789,68
159;35678588;Травень 2026;09.05.2026 16:26:17;продукти;Приват Sid Унів;АТБ;-276,10;-11 759,68
160;59483264;Травень 2026;09.05.2026 15:35:00;продукти;А-Банк Sid АТБ;АТБ;-233,30;-2 809,78
161;05242263;Травень 2026;09.05.2026 15:34:30;продукти;Приват Sid Унів;Близенько;-67,98;-11 483,58
162;49237167;Травень 2026;09.05.2026 15:21:19;ресторани та розваги;Приват Sid Унів;Sushi Zoom Шепетiвка;-603,50;-11 415,60
163;74400461;Травень 2026;09.05.2026 15:12:56;одяг та взуття;Приват Sid Унів;sinsay;-499,00;-10 812,10
164;04865770;Травень 2026;09.05.2026 15:09:02;одяг та взуття;Приват Sid Унів;sinsay;-1 446,00;-10 313,10
165;50785125;Травень 2026;09.05.2026 13:45:33;поштові послуги;Приват Sid Унів;NovaPay;-80,00;-8 867,10
166;34576697;Травень 2026;09.05.2026 10:35:40;продукти;Приват Sid Унів;Близенько;-55,98;-8 787,10
167;31850408;Травень 2026;09.05.2026 10:04:57;громадський транспорт;Приват Sid Унів;Е-квиток Леокарт;-40,00;-8 731,12
168;94215125;Травень 2026;08.05.2026 21:16:00;переказ на власний рахунок;Monobank Sid Чорна;523244****0550;-2,00;390,71
169;89018186;Травень 2026;08.05.2026 21:16:00;переказ з власного рахунку;Альянс Olenka;"Переказ на картку
SIDORSKYI SERHII ? •• 0550 523244••••••0550";2,00;1,99
170;90535912;Травень 2026;08.05.2026 20:02:00;продукти;А-Банк Sid АТБ;АТБ;-383,30;-2 576,48
171;12011081;Травень 2026;08.05.2026 18:36:30;ресторани та розваги;Приват Sid Унів;COFEE VAPE;-30,00;-8 691,12
172;28310321;Травень 2026;08.05.2026 16:05:42;ресторани та розваги;Приват Sid Унів;shaurma 1, area Rivnenska, c Rivne, st. V;-125,00;-8 661,12
173;53746041;Травень 2026;08.05.2026 15:52:30;продукти;Приват Sid Унів;АТБ;-154,40;-8 536,12
174;96108788;Травень 2026;08.05.2026 13:44:57;продукти;Приват Sid Унів;MARKET, 32.32.PYMONENKA ST AVE;-91,00;-8 381,72
175;73672025;Травень 2026;08.05.2026 12:14:45;переказ на чужий рахунок;Monobank Sid Чорна;Дмитро Х.;-7 254,00;392,71
176;20157366;Травень 2026;08.05.2026 12:08:25;переказ на чужий рахунок;Monobank Sid Чорна;Поповнення «На велосипед» вiд Микита С.;-746,00;7 646,71
177;40999421;Травень 2026;08.05.2026 11:49:00;техніка і цифрові товари;Приват Sid Унів;Аврора;-217,00;-8 290,72
178;37360955;Травень 2026;08.05.2026 11:40:06;продукти;Приват Sid Унів;SHOP EDEM, 3.NEZALEZHNOSTI ST;-185,00;-8 073,72
179;98879802;Травень 2026;08.05.2026 11:15:44;переказ з власного рахунку;Приват Sid Унів;Сідорська О.;8 000,00;-7 888,72
180;86924656;Травень 2026;08.05.2026 11:15:43;переказ на власний рахунок;Приват Olenka Виплати;Сідорський С.;-8 000,00;2 613,00
181;70053963;Травень 2026;08.05.2026 11:14:18;переказ з власного рахунку;Приват Sid Унів;Зі своєї картки *0707;24 100,00;-15 888,72
182;01909139;Травень 2026;08.05.2026 11:14:17;переказ на власний рахунок;Приват Sid Виплати;На свою картку *4169;-24 100,00;279,92
183;28296610;Травень 2026;08.05.2026 11:12:38;переказ на власний рахунок;Приват Olenka Виплати;На свою картку *4258;-2 968,30;10 613,00
184;85218639;Травень 2026;08.05.2026 11:12:38;переказ з власного рахунку;Приват Olenka Унів;Зі своєї картки *0627;2 968,30;0,00
185;66838166;Травень 2026;08.05.2026 11:11:16;переказ на власний рахунок;Monobank Sid Чорна;523244****0550;-2 555,59;8 392,71
186;18503673;Травень 2026;08.05.2026 11:11:00;переказ з власного рахунку;Альянс Olenka;"Переказ на картку
SIDORSKYI SERHII ? •• 0550 523244••••••0550";2 555,59;-0,01
187;50433800;Травень 2026;08.05.2026 11:09:13;переказ на власний рахунок;Monobank Sid Чорна;523244****5993;-3 800,00;10 948,30
188;87027647;Травень 2026;08.05.2026 11:09:00;переказ з власного рахунку;Альянс Sid;"Переказ на картку
SIDORSKYI SERHII ? •• 5993 523244••••••5993";3 800,00;-1 336,29
189;21857136;Травень 2026;08.05.2026 11:07:03;переказ з власного рахунку;ПУМБ Sid;912.97 912.97 0.00 53552800****4805 MONOBANK KYIV UA ;912,97;0,00
190;70778080;Травень 2026;08.05.2026 11:06:44;переказ на власний рахунок;Monobank Sid Чорна;Сергій С.;-912,97;14 748,30
191;35708686;Травень 2026;08.05.2026 11:05:44;переказ з власного рахунку;ПУМБ Sid кредит;1300.00 1300.00 0.00 53552800****8169 MONOBANK KYIV UA ;1 300,00;1 312,28
192;60704028;Травень 2026;08.05.2026 11:05:25;переказ на власний рахунок;Monobank Sid Чорна;Сергій С.;-1 300,00;15 661,27
193;28110029;Травень 2026;08.05.2026 10:56:35;поповнення готівкою;Monobank Sid Чорна;City24;8 800,00;16 961,27
194;24005874;Травень 2026;08.05.2026 10:51:00;поповнення готівкою;А-Банк Sid АТБ;City24;7 250,00;-2 193,18
195;80300781;Травень 2026;08.05.2026 04:06:27;бонуси та кешбек;Приват Olenka Кешбек;Національний кешбек;915,91;915,91
196;19867224;Травень 2026;07.05.2026 22:01:55;продукти;Приват Sid Унів;АТБ;-154,20;-39 988,72
197;67050922;Травень 2026;07.05.2026 20:14:17;бонуси та кешбек;Приват Sid Кешбек;Національний кешбек;1 174,87;1 385,66
198;30322105;Травень 2026;07.05.2026 17:10:36;зняття готівки;Приват Olenka Виплати;Зняття готівки в банкоматі;-16 000,00;13 581,30
199;69242352;Травень 2026;07.05.2026 16:51:00;продукти;А-Банк Sid АТБ;АТБ;-45,90;-9 443,18
200;11879374;Травень 2026;07.05.2026 15:59:09;продукти;Приват Sid Унів;АТБ;-152,80;-39 834,52
201;23540892;Травень 2026;07.05.2026 14:04:51;продукти;Приват Sid Унів;MARKET, 32.32.PYMONENKA ST AVE;-55,00;-39 681,72
202;79204952;Травень 2026;07.05.2026 12:50:00;продукти;А-Банк Sid АТБ;АТБ;-501,88;-9 397,28
203;75620136;Травень 2026;07.05.2026 12:48:14;переказ з чужого рахунку;Monobank Sid Чорна;Від: Sidorska Viktoriia;8 000,00;8 161,27
204;81474872;Травень 2026;07.05.2026 12:41:40;продукти;Приват Sid Унів;MARKET, 32.32.PYMONENKA ST AVE;-27,00;-39 626,72
205;63420624;Травень 2026;07.05.2026 12:34:49;зняття готівки;Приват Olenka Виплати;Зняття готівки в банкоматі;-3 002,00;29 581,30
206;00258700;Травень 2026;07.05.2026 12:20:42;одяг та взуття;Приват Sid Унів;МАГАЗИН ГЛОБУС;-290,00;-39 599,72
207;59710068;Травень 2026;07.05.2026 12:10:45;переказ на чужий рахунок;Приват Olenka Виплати;Фільчук Л.;-1 400,00;32 583,30
208;73322372;Травень 2026;07.05.2026 11:34:52;витрати на авто;Приват Sid Унів;Автостиль;-40,00;-39 309,72
209;13216301;Травень 2026;07.05.2026 11:17:04;зарплата і виплати;Приват Olenka Виплати;Зарплата, ВIЙСЬКОВА ЧАСТИНА А 5068. Коментар: Zarobitna plata;24 952,89;33 983,30
210;57104549;Травень 2026;07.05.2026 10:47:44;переказ на чужий рахунок;Приват Olenka Виплати;На картку;-1 397,96;9 030,41
211;45360430;Травень 2026;07.05.2026 10:47:33;зарплата і виплати;Приват Sid Виплати;Зарплата, ХЗВВСП. Коментар: Zarobitna plata-zarobitna plata;21 316,41;24 379,92
212;42659457;Травень 2026;07.05.2026 09:31:42;продукти;Приват Sid Унів;SHOP EDEM, 3.NEZALEZHNOSTI ST;-185,00;-39 269,72
213;60140271;Травень 2026;06.05.2026 21:32:08;продукти;Приват Sid Унів;MINI-MARKET, 5.5.LYSYNETSKA ST AVE;-58,00;-39 084,72
214;47387498;Травень 2026;06.05.2026 19:09:57;продукти;Приват Sid Унів;ФЕЯ;-30,00;-39 026,72
215;55670143;Травень 2026;06.05.2026 18:15:05;продукти;Приват Sid Унів;Сільпо;-58,47;-38 996,72
216;89896943;Травень 2026;06.05.2026 18:08:08;продукти;Приват Sid Унів;АТБ;-189,90;-38 938,25
217;15560663;Травень 2026;06.05.2026 17:55:52;техніка і цифрові товари;Приват Sid Унів;Аврора;-66,00;-38 748,35
218;22040033;Травень 2026;06.05.2026 17:11:55;продукти;Приват Sid Унів;Сільпо;-49,99;-38 682,35
219;88514967;Травень 2026;06.05.2026 16:51:18;ресторани та розваги;Приват Sid Унів;KFC;-247,00;-38 632,36
220;94685403;Травень 2026;06.05.2026 16:26:35;зарплата і виплати;Приват Sid Виплати;Соціальні виплати;2 891,83;3 063,51
221;04084024;Травень 2026;06.05.2026 09:16:14;продукти;Приват Sid Унів;FOP Pavliuk O.A., Zdolbuniv;-54,00;-38 385,36
222;37147398;Травень 2026;06.05.2026 08:47:08;продукти;Приват Sid Унів;АТБ;-128,40;-38 331,36
223;77402354;Травень 2026;06.05.2026 08:16:33;громадський транспорт;Приват Sid Унів;Е-квиток Леокарт;-40,00;-38 202,96
224;32319226;Травень 2026;05.05.2026 16:43:49;громадський транспорт;Приват Sid Унів;IPAY   *KYIVTRANS, KYIV;-8,00;-38 162,96
225;13670992;Травень 2026;05.05.2026 16:20:26;одяг та взуття;Приват Sid Унів;ДП ЛПП Україна АТ ЛПП;-1 699,00;-38 154,96
226;84018250;Травень 2026;05.05.2026 16:02:38;продукти;Приват Sid Унів;NOVUS;-50,48;-36 455,96
227;10394373;Травень 2026;05.05.2026 14:07:30;продукти;Приват Sid Унів;Велмарт;-1 258,88;-36 405,48
228;05686499;Травень 2026;04.05.2026 20:20:45;продукти;Приват Sid Унів;NOVUS;-25,49;-35 146,60
229;54851432;Травень 2026;04.05.2026 16:13:00;продукти;А-Банк Sid АТБ;АТБ;-48,30;-8 895,40
230;08583672;Травень 2026;04.05.2026 14:04:12;техніка і цифрові товари;Приват Sid Унів;World of Comics;-145,00;-35 121,11
231;64612151;Травень 2026;04.05.2026 13:29:25;поштові послуги;Приват Sid Унів;NovaPay;-90,00;-34 976,11
232;17497338;Травень 2026;04.05.2026 10:11:13;продукти;Приват Sid Унів;FOP TARANENKO A.M., BURYN;-155,00;-34 886,11
233;16233743;Травень 2026;03.05.2026 18:51:28;техніка і цифрові товари;Приват Sid Унів;Аврора;-22,00;-34 731,11
234;51982975;Травень 2026;03.05.2026 16:54:04;продукти;Приват Sid Унів;АТБ;-88,50;-34 709,11
235;68675654;Травень 2026;03.05.2026 16:38:47;переказ на чужий рахунок;Monobank Sid Чорна;516875****4184;-768,00;161,27
236;69287067;Травень 2026;03.05.2026 16:26:07;переказ на чужий рахунок;Monobank Sid Чорна;Артем Т.;-2 800,00;929,27
237;64134435;Травень 2026;03.05.2026 16:15:32;переказ на чужий рахунок;Monobank Sid Чорна;414949****6081;-2 142,00;3 729,27
238;95815557;Травень 2026;03.05.2026 16:04:24;переказ на чужий рахунок;Monobank Sid Чорна;Андрій Р.;-1 655,00;5 871,27
239;72365048;Травень 2026;03.05.2026 15:58:05;переказ на чужий рахунок;Monobank Sid Чорна;414951****2134;-1 604,00;7 526,27
240;69876983;Травень 2026;03.05.2026 15:56:32;продукти;Приват Sid Унів;Близенько;-75,98;-34 620,61
241;46364068;Травень 2026;03.05.2026 15:51:34;громадський транспорт;Приват Sid Унів;Е-квиток Леокарт;-20,00;-34 544,63
242;81336880;Травень 2026;03.05.2026 14:24:39;продукти;Приват Sid Унів;ФОП Окорська Юлия Валериївна;-65,00;-34 524,63
243;03211122;Травень 2026;03.05.2026 14:02:06;продукти;Приват Sid Унів;АТБ;-216,20;-34 459,63
244;98260041;Травень 2026;03.05.2026 13:58:14;продукти;Приват Sid Унів;АТБ;-50,40;-34 243,43
245;49295106;Травень 2026;03.05.2026 13:54:00;житло та побут;Приват Sid Унів;EVA;-238,00;-34 193,03
246;60168860;Травень 2026;03.05.2026 13:00:00;продукти;А-Банк Sid АТБ;SHOP EDEM, BURYN;-74,00;-8 847,10
247;65770951;Травень 2026;03.05.2026 10:24:32;переказ на чужий рахунок;Приват Olenka Виплати;На картку;-605,00;10 428,37
248;93322892;Травень 2026;02.05.2026 23:14:34;продукти;Приват Sid Унів;АТБ;-168,70;-33 955,03
249;65882979;Травень 2026;02.05.2026 16:03:27;продукти;Приват Sid Унів;Близенько;-82,98;-33 786,33
250;84412815;Травень 2026;02.05.2026 15:01:00;продукти;А-Банк Sid АТБ;АТБ;-50,70;-8 773,10
251;56911164;Травень 2026;02.05.2026 14:58:38;житло та побут;Приват Sid Унів;EVA;-317,94;-33 703,35
252;82211401;Травень 2026;02.05.2026 11:45:57;зняття готівки;Приват Olenka Виплати;Зняття готівки в банкоматі;-3 000,00;11 033,37
253;12076271;Травень 2026;02.05.2026 11:41:00;житло та побут;А-Банк Sid АТБ;SHOP POSUD, BURYN;-260,00;-8 722,40
254;72832613;Травень 2026;02.05.2026 11:39:00;житло та побут;А-Банк Sid АТБ;SHOP POSUD, BURYN;-90,00;-8 462,40
255;65793106;Травень 2026;02.05.2026 10:38:56;продукти;Приват Sid Унів;Близенько;-111,98;-33 385,41
256;03749471;Травень 2026;02.05.2026 09:51:34;громадський транспорт;Приват Sid Унів;Е-квиток Леокарт;-40,00;-33 273,43
257;11070179;Травень 2026;02.05.2026 09:02:16;переказ на чужий рахунок;Приват Olenka Виплати;Кривопишин Д.;-100,00;14 033,37
258;78136633;Травень 2026;01.05.2026 19:21:19;продукти;Приват Sid Унів;MARKET, 32.32.PYMONENKA ST AVE;-116,00;-33 233,43
259;78774502;Травень 2026;01.05.2026 17:18:44;продукти;Приват Sid Унів;Сім23;-72,00;-33 117,43
260;66437297;Травень 2026;01.05.2026 16:52:00;продукти;Альянс Sid;"Продукти та супермаркети
Стартова •• 5993 ? Avrora";-220,00;-5 136,29
261;80144042;Травень 2026;01.05.2026 15:43:22;продукти;Приват Sid Унів;АТБ;-236,20;-33 045,43
262;21682152;Травень 2026;01.05.2026 15:12:42;компослуги;Приват Sid Унів;WWW.IPAY.UA.TELECAP, Nizhnioyurkivska 45a;-102,56;-32 809,23
263;78532972;Травень 2026;01.05.2026 14:08:15;зв'язок;Приват Olenka Унів;Vodafone;-445,00;-2 968,30
264;23705893;Квітень 2026;30.04.2026 23:59:00;спорт;А-Банк Sid Спорт;Vovkulaky,lvov,ua;-30,00;240,00
265;80024846;Квітень 2026;30.04.2026 20:33:00;продукти;А-Банк Sid АТБ;АТБ;-446,70;-8 372,40
266;72653762;Квітень 2026;30.04.2026 19:07:29;компослуги;Приват Olenka Унів;EASYPAY*INTERNET, CHAYKI 16;-258,00;-2 523,30
267;83824261;Квітень 2026;30.04.2026 17:20:00;продукти;А-Банк Sid АТБ;Nash Kray_03, KULIKOVKA;-124,88;-7 890,70
268;83343348;Квітень 2026;30.04.2026 17:20:00;продукти;А-Банк Sid АТБ;Nash Krai_16, KULIKOVKA;-35,00;-7 925,70
269;05015781;Квітень 2026;30.04.2026 15:47:53;продукти;Приват Sid Унів;АТБ;-186,00;-32 706,67
270;53865595;Квітень 2026;30.04.2026 13:28:00;продукти;А-Банк Sid АТБ;АТБ;-536,76;-7 765,82
271;37938164;Квітень 2026;30.04.2026 13:16:36;продукти;Приват Sid Унів;Подiльський Фермер;-442,02;-32 520,67
272;97080410;Квітень 2026;30.04.2026 10:10:00;витрати на авто;Альянс Sid;"Авто
Стартова •• 5993 ? WOG";-139,00;-4 916,29
273;30116028;Квітень 2026;29.04.2026 20:57:00;продукти;А-Банк Sid АТБ;АТБ;-129,73;-7 229,06
274;93414907;Квітень 2026;29.04.2026 20:09:01;продукти;Приват Sid Унів;АТБ;-88,80;-32 078,65
275;11445036;Квітень 2026;29.04.2026 19:53:00;ресторани та розваги;А-Банк Sid АТБ;KFC;-430,00;-7 099,33
276;63403640;Квітень 2026;29.04.2026 18:23:20;продукти;Приват Sid Унів;Грузинська випiчка;-70,00;-31 989,85
277;87143379;Квітень 2026;29.04.2026 17:44:37;ресторани та розваги;Приват Sid Унів;"Кав'ярня ""HOWLET""";-90,00;-31 919,85
278;89390580;Квітень 2026;29.04.2026 17:35:27;продукти;Приват Sid Унів;Roshen;-74,07;-31 829,85
279;20823533;Квітень 2026;29.04.2026 17:06:39;ресторани та розваги;Приват Sid Унів;KFC;-247,00;-31 755,78
280;17418879;Квітень 2026;29.04.2026 15:55:07;продукти;Приват Sid Унів;АТБ;-116,00;-31 508,78
281;16516520;Квітень 2026;29.04.2026 13:58:02;продукти;Приват Sid Унів;MARKET, 32.32.PYMONENKA ST AVE;-92,00;-31 392,78
282;52153916;Квітень 2026;29.04.2026 12:32:10;витрати на авто;Приват Sid Унів;AZS N23-06, KAMENKA;-222,50;-31 300,78
283;17206498;Квітень 2026;29.04.2026 11:51:26;житло та побут;Приват Sid Унів;EVA;-594,87;-31 078,28
284;44980364;Квітень 2026;29.04.2026 11:37:42;техніка і цифрові товари;Приват Sid Унів;Kristal;-438,00;-30 483,41
285;89282393;Квітень 2026;29.04.2026 11:27:09;витрати на авто;Приват Olenka Унів;Укрнафта;-2 265,30;-2 265,30
286;36686619;Квітень 2026;28.04.2026 23:59:00;спорт;А-Банк Sid Спорт;Vovkulaky,lvov,ua;-30,00;1 470,00
287;61279836;Квітень 2026;28.04.2026 23:59:00;спорт;А-Банк Sid Спорт;Vovkulaky,lvov,ua;-1 200,00;270,00
288;88608777;Квітень 2026;28.04.2026 21:56:46;громадський транспорт;Приват Sid Унів;Укрзалізниця;-85,21;-30 045,41
289;80062995;Квітень 2026;28.04.2026 20:45:32;продукти;Приват Sid Унів;АТБ;-200,60;-29 960,20
290;33999658;Квітень 2026;28.04.2026 18:53:00;продукти;А-Банк Sid АТБ;АТБ;-879,21;-6 669,33
291;87352701;Квітень 2026;28.04.2026 13:13:38;продукти;Приват Sid Унів;АТБ;-75,30;-29 759,60
292;84881756;Квітень 2026;28.04.2026 11:40:29;продукти;Приват Sid Унів;MARKET, 32.32.PYMONENKA ST AVE;-27,00;-29 684,30
293;30507941;Квітень 2026;28.04.2026 10:32:41;ресторани та розваги;Приват Sid Унів;KVADRAT kava_01, Ukraine, area Khmelnytska, cit;-115,00;-29 657,30
294;50038644;Квітень 2026;27.04.2026 19:52:36;продукти;Приват Sid Унів;АТБ;-241,40;-29 542,30
295;11882082;Квітень 2026;27.04.2026 19:37:44;продукти;Приват Sid Унів;Грузинська випiчка;-70,00;-29 300,90
296;82852924;Квітень 2026;27.04.2026 18:04:07;продукти;Приват Sid Унів;Family Mart;-25,00;-29 230,90
297;08907773;Квітень 2026;27.04.2026 12:14:15;техніка і цифрові товари;Приват Sid Унів;SKLAD-MAGAZYN, 15G.LOZOVA ST;-144,00;-29 205,90
298;30346855;Квітень 2026;27.04.2026 12:08:42;техніка і цифрові товари;Приват Sid Унів;SKLAD-MAGAZYN, 15G.LOZOVA ST;-12,00;-29 061,90
299;19351680;Квітень 2026;27.04.2026 12:02:00;продукти;А-Банк Sid АТБ;АТБ;-712,57;-5 790,12
300;40656008;Квітень 2026;27.04.2026 11:17:06;здоров'я та краса;Приват Olenka Виплати;WFP.CONSULT, DNIPRO;-3 900,00;14 133,37
301;66050617;Квітень 2026;26.04.2026 23:06:53;переказ на чужий рахунок;Приват Olenka Виплати;На картку;-605,00;18 033,37
302;72835864;Квітень 2026;26.04.2026 21:32:16;продукти;Приват Sid Унів;Траш;-47,39;-29 049,90
303;33973635;Квітень 2026;26.04.2026 21:22:56;ресторани та розваги;Приват Sid Унів;На мангал Кебаб Хаус;-220,00;-29 002,51
304;14387209;Квітень 2026;26.04.2026 16:51:00;продукти;А-Банк Sid АТБ;АТБ;-171,17;-5 077,55
305;95876612;Квітень 2026;26.04.2026 16:25:29;продукти;Приват Sid Унів;Траш;-181,89;-28 782,51
306;24487719;Квітень 2026;26.04.2026 16:03:40;продукти;Приват Sid Унів;Близенько;-61,98;-28 600,62
307;10144917;Квітень 2026;26.04.2026 15:53:00;громадський транспорт;Приват Sid Унів;Е-квиток Леокарт;-40,00;-28 538,64
308;73817675;Квітень 2026;26.04.2026 10:08:20;ресторани та розваги;Приват Sid Унів;Кавярня  Стаканчик;-81,00;-28 498,64
309;46248478;Квітень 2026;25.04.2026 22:12:56;продукти;Приват Sid Унів;АТБ;-112,60;-28 417,64
310;75312105;Квітень 2026;25.04.2026 20:52:36;продукти;Приват Sid Унів;Близенько;-71,98;-28 305,04
311;31573876;Квітень 2026;25.04.2026 15:27:09;продукти;Приват Sid Унів;Близенько;-41,98;-28 233,06
312;59343599;Квітень 2026;25.04.2026 14:50:30;громадський транспорт;Приват Sid Унів;Е-квиток Леокарт;-40,00;-28 191,08
313;62075708;Квітень 2026;25.04.2026 14:02:45;зв'язок;Приват Sid Унів;Київстар;-270,00;-28 151,08
314;68657283;Квітень 2026;25.04.2026 13:12:26;інші надходження;Monobank Sid Чорна;Термінал mono;8 000,00;9 130,27
315;25686470;Квітень 2026;25.04.2026 13:04:00;продукти;А-Банк Sid АТБ;АТБ;-479,74;-4 906,38
316;31684710;Квітень 2026;25.04.2026 12:27:58;зняття готівки;Приват Olenka Виплати;Зняття готівки в банкоматі;-10 000,00;18 638,37
317;35086376;Квітень 2026;24.04.2026 21:07:00;продукти;А-Банк Sid АТБ;АТБ;-256,32;-4 426,64
318;86714444;Квітень 2026;24.04.2026 18:15:25;зарплата і виплати;Приват Olenka Виплати;Зарплата, ВIЙСЬКОВА ЧАСТИНА А 5068. Коментар: Zarobitna plata;24 952,89;28 638,37
319;48226646;Квітень 2026;24.04.2026 17:03:04;ресторани та розваги;Приват Sid Унів;PYVO-VODY, OSTRIG;-558,64;-27 881,08
320;94072414;Квітень 2026;24.04.2026 16:30:00;продукти;А-Банк Sid АТБ;АТБ;-140,38;-4 170,32
321;36233475;Квітень 2026;24.04.2026 13:11:34;ресторани та розваги;Приват Sid Унів;Magic;-30,00;-27 322,44
322;97960375;Квітень 2026;24.04.2026 13:11:11;ресторани та розваги;Приват Sid Унів;Magic;-90,00;-27 292,44
323;07128698;Квітень 2026;24.04.2026 13:10:38;продукти;Приват Sid Унів;АТБ;-80,50;-27 202,44
324;67183523;Квітень 2026;24.04.2026 12:45:30;здоров'я та краса;Приват Sid Унів;MEDYCHNYI KABINET115, RIVNE;-1 645,50;-27 121,94
325;34363875;Квітень 2026;24.04.2026 11:34:02;продукти;Приват Sid Унів;SIM23 #3221, LVIV;-33,00;-25 476,44
326;65100938;Квітень 2026;24.04.2026 11:24:57;ресторани та розваги;Приват Sid Унів;Кафе Бiстроff;-35,00;-25 443,44
327;07599050;Квітень 2026;24.04.2026 09:44:50;ресторани та розваги;Приват Sid Унів;coffee-in лiкарня;-30,00;-25 408,44
328;57191818;Квітень 2026;24.04.2026 09:43:14;громадський транспорт;Приват Sid Унів;Е-квиток Леокарт;-60,00;-25 378,44
329;00072830;Квітень 2026;23.04.2026 19:57:56;продукти;Приват Sid Унів;АТБ;-179,90;-25 318,44
330;64417814;Квітень 2026;23.04.2026 19:51:33;техніка і цифрові товари;Приват Sid Унів;Rozetka;-301,00;-25 138,54
331;49983033;Квітень 2026;23.04.2026 09:45:00;продукти;А-Банк Sid АТБ;АТБ;-196,50;-4 029,94
332;69472214;Квітень 2026;23.04.2026 09:36:43;продукти;Приват Sid Унів;KORETSKI KOVBASY RYBA, HEROIV NEBESNOI SOTNI STR., 33;-258,80;-24 837,54
333;70658369;Квітень 2026;22.04.2026 21:34:10;продукти;Приват Sid Унів;Траш;-135,00;-24 578,74
334;53908791;Квітень 2026;22.04.2026 18:25:43;продукти;Приват Sid Унів;Сільпо;-30,99;-24 443,74
335;10200324;Квітень 2026;22.04.2026 17:32:49;продукти;Приват Sid Унів;Сільпо;-32,49;-24 412,75
336;13271229;Квітень 2026;22.04.2026 17:08:17;ресторани та розваги;Приват Sid Унів;shaurma 1, area Rivnenska, c Rivne, st. V;-125,00;-24 380,26
337;91475308;Квітень 2026;22.04.2026 15:55:23;продукти;Приват Sid Унів;АТБ;-124,00;-24 255,26
338;73962164;Квітень 2026;22.04.2026 13:19:14;продукти;Приват Sid Унів;MARKET, 32.32.PYMONENKA ST AVE;-26,00;-24 131,26
339;95730008;Квітень 2026;22.04.2026 12:58:00;переказ з чужого рахунку;Альянс Olenka;"Переказ на картку
Niaikalo Artur ? •• 0550 523244••••••0550";100,00;-2 555,60
340;63917736;Квітень 2026;22.04.2026 12:27:25;витрати на авто;Приват Sid Унів;AZS N23-07, PLESNA;-343,00;-24 105,26
341;98499473;Квітень 2026;22.04.2026 11:43:04;компослуги;Приват Sid Унів;WWW.IPAY.UA.TELECAP, Nizhnioyurkivska 45a;-102,56;-23 762,26
342;87542341;Квітень 2026;22.04.2026 10:51:00;продукти;А-Банк Sid АТБ;АТБ;-767,56;-3 833,44
343;37307133;Квітень 2026;22.04.2026 10:30:15;техніка і цифрові товари;Приват Sid Унів;SKLAD-MAGAZYN, 15-G.LOZOVA ST;-482,00;-23 659,70
344;80628518;Квітень 2026;22.04.2026 10:16:02;техніка і цифрові товари;Приват Sid Унів;SKLAD-MAGAZYN, 15G.LOZOVA ST;-50,00;-23 177,70
345;72027953;Квітень 2026;22.04.2026 10:06:33;продукти;Приват Sid Унів;Подiльський Фермер;-444,97;-23 127,70
346;49278349;Квітень 2026;21.04.2026 21:35:04;продукти;Приват Sid Унів;АТБ;-77,00;-22 682,73
347;73179382;Квітень 2026;21.04.2026 15:00:31;продукти;Приват Sid Унів;АТБ;-133,90;-22 605,73
348;52900406;Квітень 2026;21.04.2026 14:27:12;житло та побут;Приват Sid Унів;АСТРА;-120,00;-22 471,83
349;91234228;Квітень 2026;21.04.2026 14:21:46;здоров'я та краса;Приват Sid Унів;АВК ФАРМ;-345,32;-22 351,83
350;87599036;Квітень 2026;21.04.2026 14:04:33;продукти;Приват Sid Унів;MARKET, 32.32.PYMONENKA ST AVE;-91,00;-22 006,51
351;08182820;Квітень 2026;21.04.2026 11:23:00;продукти;А-Банк Sid АТБ;АТБ;-151,73;-3 065,88
352;40528817;Квітень 2026;20.04.2026 23:59:00;бонуси та кешбек;А-Банк Sid Спорт;Abnk;1 500,00;1 500,00
353;24593607;Квітень 2026;20.04.2026 21:53:04;продукти;Приват Sid Унів;АТБ;-144,30;-21 915,51
354;73888259;Квітень 2026;20.04.2026 20:44:08;продукти;Приват Sid Унів;Траш;-50,00;-21 771,21
355;62132584;Квітень 2026;20.04.2026 16:42:00;продукти;А-Банк Sid АТБ;АТБ;-99,76;-2 914,15
356;56795897;Квітень 2026;20.04.2026 14:19:31;громадський транспорт;Приват Sid Унів;Е-квиток Леокарт;-40,00;-21 721,21
357;12540208;Квітень 2026;20.04.2026 07:39:25;витрати на авто;Приват Sid Унів;AZS N23-06, KAMENKA;-250,00;-21 681,21
358;90678635;Квітень 2026;19.04.2026 21:14:53;продукти;Приват Sid Унів;АТБ;-139,00;-21 431,21
359;44080899;Квітень 2026;19.04.2026 13:25:00;продукти;Приват Sid Унів;Траш;-744,13;-21 292,21
360;68973106;Квітень 2026;19.04.2026 11:49:00;компослуги;Альянс Sid;"Комунальні послуги
IMKKHSCY 523244••••••5993 ? Нафтогаз України. Газ, Особовий рахунок 370006808, вул.
Павла Чубинського, буд. 149, Сідорський Сергій Станіславович, Березень 2026 . Газ,
Особовий рахунок 370006808, вул. Павла Чубинського, буд. 149, Сідорський Сергій
Станіславович, Березень 2026
IBAN: UA723204780000026006000255925
ЄДРПОУ: 40121452";-1 909,66;-4 777,29
361;37536841;Квітень 2026;19.04.2026 11:48:52;компослуги;Приват Sid Кешбек;Шепетівське РЕП, КП;-68,00;210,79
362;82505378;Квітень 2026;18.04.2026 22:03:00;продукти;А-Банк Sid АТБ;АТБ;-219,00;-2 748,07
363;11666118;Квітень 2026;18.04.2026 22:03:00;продукти;А-Банк Sid АТБ;АТБ;-66,32;-2 814,39
364;32421096;Квітень 2026;18.04.2026 22:00:00;переказ на чужий рахунок;Приват Olenka Виплати;На картку;-305,00;3 685,48
365;72014766;Квітень 2026;18.04.2026 20:43:00;продукти;Приват Sid Унів;АТБ;-82,40;-20 548,08
366;55906038;Квітень 2026;18.04.2026 15:42:40;продукти;Приват Sid Унів;Подiльський Фермер;-505,80;-20 465,68
367;24208375;Квітень 2026;18.04.2026 15:37:15;продукти;Приват Sid Унів;Близенько;-65,98;-19 959,88
368;97708477;Квітень 2026;18.04.2026 15:29:14;житло та побут;Приват Sid Унів;Магазин ВАША ГРЯДКА;-75,00;-19 893,90
369;75876910;Квітень 2026;18.04.2026 14:49:50;продукти;Приват Sid Унів;Магазин  Deva;-1 686,00;-19 818,90
370;56208569;Квітень 2026;18.04.2026 13:53:12;продукти;Приват Sid Унів;Сімі;-69,00;-18 132,90
371;07571850;Квітень 2026;18.04.2026 11:23:00;поштові послуги;Приват Sid Унів;NovaPay;-80,00;-18 063,90
372;54350597;Квітень 2026;18.04.2026 10:14:34;продукти;Приват Sid Унів;АТБ;-70,70;-17 983,90
373;00277702;Квітень 2026;18.04.2026 09:46:52;громадський транспорт;Приват Sid Унів;Е-квиток Леокарт;-60,00;-17 913,20
374;86806761;Квітень 2026;17.04.2026 15:31:37;продукти;Приват Sid Унів;АТБ;-172,60;-17 853,20
375;71348086;Квітень 2026;17.04.2026 12:33:50;продукти;Приват Sid Унів;АТБ;-66,80;-17 680,60
376;93969713;Квітень 2026;17.04.2026 10:06:00;продукти;А-Банк Sid АТБ;АТБ;-521,77;-2 529,07
377;04067149;Квітень 2026;17.04.2026 09:35:03;житло та побут;Приват Sid Унів;EVA;-81,16;-17 613,80
378;88128792;Квітень 2026;17.04.2026 07:42:56;витрати на авто;Приват Sid Унів;AZS N23-06, KAMENKA;-255,00;-17 532,64
379;99531007;Квітень 2026;16.04.2026 19:59:54;продукти;Приват Sid Унів;АТБ;-105,90;-17 277,64
380;47907514;Квітень 2026;16.04.2026 17:51:22;продукти;Приват Sid Унів;MAHAZYN 857, STUFCHYNTSI;-98,20;-17 171,74
381;44534898;Квітень 2026;16.04.2026 17:09:39;продукти;Приват Sid Унів;Сільпо;-57,48;-17 073,54
382;86318913;Квітень 2026;16.04.2026 15:51:26;продукти;Приват Sid Унів;АТБ;-65,10;-17 016,06
383;41705426;Квітень 2026;16.04.2026 14:04:47;продукти;Приват Sid Унів;MARKET, 32.32.PYMONENKA ST AVE;-81,00;-16 950,96
384;42529823;Квітень 2026;16.04.2026 10:54:00;поштові послуги;А-Банк Sid АТБ;NovaPay;-1 422,25;-2 007,30
385;79367619;Квітень 2026;16.04.2026 10:31:24;поштові послуги;Приват Sid Унів;NovaPay;-90,00;-16 869,96
386;25629675;Квітень 2026;16.04.2026 10:07:00;ресторани та розваги;А-Банк Sid АТБ;Kava vs K, SHEPETOVKA;-76,00;-585,05
387;82755465;Квітень 2026;16.04.2026 07:46:00;витрати на авто;А-Банк Sid АТБ;AZS N23-06, KAMENKA;-125,00;-509,05
388;58701474;Квітень 2026;15.04.2026 21:28:43;продукти;Приват Sid Унів;АТБ;-163,10;-16 779,96
389;67760751;Квітень 2026;15.04.2026 17:49:47;житло та побут;Приват Sid Унів;EVA;-59,90;-16 616,86
390;61587600;Квітень 2026;15.04.2026 17:11:50;ресторани та розваги;Приват Sid Унів;McDonald’s;-277,00;-16 556,96
391;47488037;Квітень 2026;15.04.2026 15:43:39;продукти;Приват Sid Унів;АТБ;-117,40;-16 279,96
392;00979893;Квітень 2026;15.04.2026 15:20:30;переказ на власний рахунок;Monobank Sid Чорна;523244****5993;-1 300,00;1 130,27
393;36757061;Квітень 2026;15.04.2026 15:20:00;переказ з власного рахунку;Альянс Sid;"Переказ на картку
SIDORSKYI SERHII ? •• 5993 523244••••••5993";1 300,00;-2 867,63
394;94049988;Квітень 2026;15.04.2026 15:18:49;переказ на власний рахунок;Monobank Sid Чорна;523244****0550;-150,00;2 430,27
395;67781253;Квітень 2026;15.04.2026 15:18:00;переказ з власного рахунку;Альянс Olenka;"Переказ на картку
SIDORSKYI SERHII ? •• 0550 523244••••••0550";150,00;-2 655,60
396;13830364;Квітень 2026;15.04.2026 15:14:00;продукти;А-Банк Sid АТБ;АТБ;-463,79;-384,05
397;97879955;Квітень 2026;15.04.2026 15:09:23;інші надходження;Monobank Sid Чорна;City24;3 000,00;2 580,27
398;19306353;Квітень 2026;15.04.2026 15:06:00;інші надходження;А-Банк Sid АТБ;City24;10 000,00;79,74
399;30467802;Квітень 2026;15.04.2026 14:57:18;переказ з власного рахунку;Приват Sid Унів;Зі своєї картки *0707;202,00;-16 162,56
400;91200507;Квітень 2026;15.04.2026 14:57:16;переказ на власний рахунок;Приват Sid Виплати;На свою картку *4169;-202,00;171,68
401;18429388;Квітень 2026;15.04.2026 14:55:47;поповнення готівкою;Приват Sid Унів;Термінал самообслуговування: М ШЕПЕТІВКА, ВУЛ. СУДИЛКІВСЬКА, БУД. 1, Відділення банку;20 900,00;-16 364,56
402;18429388;Квітень 2026;15.04.2026 14:55:47;інші надходження;Приват Sid Унів;Термінал самообслуговування: М ШЕПЕТІВКА, ВУЛ. СУДИЛКІВСЬКА, БУД. 1, Відділення банку;17 500,00;-16 364,56
403;96238294;Квітень 2026;15.04.2026 14:03:54;продукти;Приват Sid Унів;MARKET, 32.32.PYMONENKA ST AVE;-55,00;-54 764,56
404;48793831;Квітень 2026;15.04.2026 13:25:13;переказ на чужий рахунок;Приват Olenka Виплати;Галянт Олена Леонідівна. Коментар: Splata za onlain-kurs;-303,00;3 990,48
405;29862664;Квітень 2026;15.04.2026 12:36:17;житло та побут;Приват Sid Унів;АСТРА;-135,00;-54 709,56
406;48217009;Квітень 2026;15.04.2026 12:31:51;продукти;Приват Sid Унів;MARKET, 32.32.PYMONENKA ST AVE;-26,00;-54 574,56
407;32539270;Квітень 2026;15.04.2026 11:28:49;зв'язок;ПУМБ Sid;300.00 300.00 0.00 Плата за поповнення мобільного рахунку Vodafone 380995268799 (#PH 292259897) Оплата;-300,00;-912,97
408;14130419;Квітень 2026;15.04.2026 00:24:02;оплата кредитів;ПУМБ Sid кредит;99.93 99.93 0.00 . .Договірне грошових коштів на погашення заборгованості з-но кредитного договору № 5001593850501 від 14/02/2026, позичальник Сідорський Сергій Станісл ;-99,93;12,28
409;48267038;Квітень 2026;14.04.2026 23:11:07;продукти;Monobank Sid Чорна;АТБ;-147,94;-419,73
410;07203761;Квітень 2026;14.04.2026 18:50:20;продукти;Приват Sid Унів;АТБ;-215,45;-54 548,56
411;13080381;Квітень 2026;14.04.2026 18:36:19;громадський транспорт;Приват Sid Унів;Е-квиток Леокарт;-20,00;-54 333,11
412;99177622;Квітень 2026;14.04.2026 18:30:44;техніка і цифрові товари;Приват Sid Унів;FOXTROT, 147.ZELENA ST;-199,90;-54 313,11
413;23735404;Квітень 2026;14.04.2026 16:13:33;продукти;Monobank Sid Чорна;THRASH!;-166,47;-271,79
414;04969640;Квітень 2026;14.04.2026 16:08:26;переказ на чужий рахунок;Приват Sid Виплати;На картку;-155,00;373,68
415;83202506;Квітень 2026;14.04.2026 12:39:40;переказ на чужий рахунок;Приват Sid Виплати;На картку;-205,00;528,68
416;32696715;Квітень 2026;14.04.2026 12:21:48;поштові послуги;Monobank Sid Чорна;Нова пошта;-71,00;-105,32
417;53910687;Квітень 2026;14.04.2026 11:18:52;продукти;Приват Sid Унів;АТБ;-107,72;-54 113,21
418;56141533;Квітень 2026;14.04.2026 10:25:21;житло та побут;Приват Sid Унів;EVA;-161,08;-54 005,49
419;73119019;Квітень 2026;14.04.2026 09:30:00;зв'язок;А-Банк Sid АТБ;Поповнення +380666515665;-10,00;-9 920,26
420;07177470;Квітень 2026;13.04.2026 18:31:23;продукти;Приват Sid Унів;АТБ;-162,80;-53 844,41
421;15631235;Квітень 2026;13.04.2026 12:37:50;продукти;Приват Sid Унів;АТБ;-254,61;-53 681,61
422;43864040;Квітень 2026;12.04.2026 17:36:45;переказ на чужий рахунок;Приват Olenka Виплати;На картку;-605,00;4 293,48
423;14774720;Квітень 2026;12.04.2026 11:32:31;переказ на чужий рахунок;Monobank Sid Чорна;Mykyta V.;-897,32;-34,32
424;96200419;Квітень 2026;12.04.2026 11:23:52;переказ на чужий рахунок;Monobank Sid Чорна;Костянтин Ж.;-2 125,00;863,00
425;38180783;Квітень 2026;12.04.2026 11:15:45;переказ на чужий рахунок;Monobank Sid Чорна;Dmytro B.;-8 801,00;2 988,00
426;31619552;Квітень 2026;12.04.2026 07:51:24;витрати на авто;Monobank Sid Чорна;Amic;-270,00;11 789,00
427;64179803;Квітень 2026;11.04.2026 11:41:37;продукти;Приват Sid Унів;АТБ;-765,20;-53 427,00
428;93812696;Квітень 2026;11.04.2026 11:37:17;поповнення готівкою;Monobank Sid Чорна;City24;5 000,00;12 059,00
429;49366781;Квітень 2026;11.04.2026 11:16:29;витрати на авто;Приват Sid Унів;АВТОМИЙКА;-150,00;-52 661,80
430;56225228;Квітень 2026;11.04.2026 10:59:21;витрати на авто;Приват Sid Унів;Укрнафта;-3 344,25;-52 511,80
431;10991803;Квітень 2026;11.04.2026 00:33:09;оплата кредитів;ПУМБ Sid кредит;1199.93 1199.93 0.00 . .Договірне грошових коштів на погашення заборгованості з-но кредитного договору № 5001587567301 від 10/02/2026, позичальник Сідорський Сергій Станісл ;-1 199,93;112,21
432;19187840;Квітень 2026;10.04.2026 18:22:38;продукти;Приват Sid Унів;SHOP DOBROBUT, 2A.ZAVODSKA ST;-49,70;-49 167,55
433;48276942;Квітень 2026;10.04.2026 17:42:17;зарплата і виплати;Приват Sid Виплати;ВЧ А1666. Коментар: Perekaz koshtiv-Vidshkoduvannia vydatkiv na vidriadzhennia;723,08;733,68
434;73938589;Квітень 2026;09.04.2026 15:44:13;продукти;Приват Sid Унів;Близенько;-64,97;-49 117,85
435;39606757;Квітень 2026;09.04.2026 15:04:30;громадський транспорт;Приват Sid Унів;Е-квиток Леокарт;-20,00;-49 052,88
436;92457359;Квітень 2026;09.04.2026 13:08:06;продукти;Приват Sid Унів;Подiльський Фермер;-61,19;-49 032,88
437;42182749;Квітень 2026;09.04.2026 12:53:48;продукти;Приват Sid Унів;МЯСНИЙ МАЙСТЕР;-1 052,34;-48 971,69
438;53562515;Квітень 2026;09.04.2026 12:47:44;зняття готівки;Приват Sid Виплати;Зняття готівки в банкоматі;-4 900,00;10,60
439;05485574;Квітень 2026;09.04.2026 12:41:10;продукти;Приват Sid Унів;АТБ;-939,50;-47 919,35
440;96107080;Квітень 2026;09.04.2026 11:07:25;переказ з власного рахунку;Приват Olenka Унів;Зі своєї картки *0627;6 452,90;0,00
441;60792656;Квітень 2026;09.04.2026 11:07:24;переказ на власний рахунок;Приват Olenka Виплати;На свою картку *4258;-6 452,90;4 898,48
442;39356738;Квітень 2026;08.04.2026 16:12:41;компослуги;Приват Sid Унів;WWW.IPAY.UA.TELECAP, Nizhnioyurkivska 45a;-30,77;-46 979,85
443;67778012;Квітень 2026;08.04.2026 15:49:16;продукти;Приват Sid Унів;АТБ;-217,60;-46 949,08
444;24331940;Квітень 2026;08.04.2026 14:04:23;продукти;Приват Sid Унів;MARKET, 32.32.PYMONENKA ST AVE;-64,00;-46 731,48
445;18638858;Квітень 2026;08.04.2026 14:01:07;продукти;Приват Sid Унів;MARKET, 32.32.PYMONENKA ST AVE;-26,00;-46 667,48
446;51059585;Квітень 2026;07.04.2026 22:33:24;бонуси та кешбек;Приват Sid Кешбек;Національний кешбек;278,79;278,79
447;11105217;Квітень 2026;07.04.2026 19:25:48;переказ з чужого рахунку;Monobank Sid Чорна;Від: Sidorska Viktoriia;7 000,00;7 059,00
448;69177146;Квітень 2026;07.04.2026 16:56:31;переказ на чужий рахунок;Monobank Sid Чорна;516874****5496;-6 167,00;59,00
449;30203923;Квітень 2026;07.04.2026 16:48:16;переказ на власний рахунок;Monobank Sid Чорна;523244****5993;-500,00;6 226,00
450;84915321;Квітень 2026;07.04.2026 16:48:00;переказ з власного рахунку;Альянс Sid;"Переказ на картку
SIDORSKYI SERHII ? •• 5993 523244••••••5993";500,00;-4 167,63
451;97006116;Квітень 2026;07.04.2026 16:45:46;переказ з власного рахунку;ПУМБ Sid;1300.00 1300.00 0.00 53552800****4805 MONOBANK KYIV UA ;1 300,00;-612,97
452;87496026;Квітень 2026;07.04.2026 16:45:27;переказ на власний рахунок;Monobank Sid Чорна;Сергій С.;-1 300,00;6 726,00
453;82604643;Квітень 2026;07.04.2026 16:44:00;переказ з власного рахунку;ПУМБ Sid кредит;1200.00 1200.00 0.00 53552800****8169 MONOBANK KYIV UA ;1 200,00;1 312,14
454;87174984;Квітень 2026;07.04.2026 16:43:43;переказ на власний рахунок;Monobank Sid Чорна;Сергій С.;-1 200,00;8 026,00
455;33890827;Квітень 2026;07.04.2026 15:06:59;продукти;Приват Sid Унів;АТБ;-231,60;-46 641,48
456;79138480;Квітень 2026;07.04.2026 13:58:22;продукти;Приват Sid Унів;MARKET, 32.32.PYMONENKA ST AVE;-55,00;-46 409,88
457;23654202;Квітень 2026;07.04.2026 12:32:52;продукти;Приват Sid Унів;MARKET, 32.32.PYMONENKA ST AVE;-26,00;-46 354,88
458;92164986;Квітень 2026;07.04.2026 11:23:52;поштові послуги;Приват Sid Унів;NovaPay;-80,00;-46 328,88
459;78997409;Квітень 2026;07.04.2026 11:08:59;поповнення готівкою;Monobank Sid Чорна;City24;9 000,00;9 226,00
460;57042548;Квітень 2026;07.04.2026 11:00:56;зарплата і виплати;Приват Olenka Виплати;Зарплата, ВIЙСЬКОВА ЧАСТИНА А 5068. Коментар: Zarobitna plata;11 287,00;11 351,38
461;70456593;Квітень 2026;07.04.2026 10:58:24;зняття готівки;Приват Sid Виплати;Зняття готівки в банкоматі;-20 000,00;4 910,60
462;29025684;Квітень 2026;07.04.2026 10:14:00;бонуси та кешбек;Альянс Sid;"Переказ на картку
Кешбек ? Стартова •• •• 5993";679,04;-4 667,64
463;20998858;Квітень 2026;06.04.2026 22:08:00;продукти;Альянс Sid;"Продукти та супермаркети
Стартова •• 5993 ? АТБ";-265,70;-5 346,68
464;67516620;Квітень 2026;06.04.2026 19:52:15;продукти;Приват Sid Унів;RUKAVYCHKA-682, LVIV;-45,40;-46 248,88
465;19667111;Квітень 2026;06.04.2026 18:39:10;зарплата і виплати;Приват Sid Виплати;Соціальні виплати;3 675,98;24 910,60
466;57873830;Квітень 2026;06.04.2026 16:58:46;продукти;Приват Sid Унів;АТБ;-386,80;-46 203,48
467;84431742;Квітень 2026;06.04.2026 16:42:54;житло та побут;Приват Sid Унів;EVA;-219,49;-45 816,68
468;15446848;Квітень 2026;06.04.2026 15:54:37;здоров'я та краса;Приват Sid Унів;APTEKA, LVIV;-287,70;-45 597,19
469;08467068;Квітень 2026;06.04.2026 15:50:44;продукти;Приват Sid Унів;АТБ;-171,50;-45 309,49
470;20752488;Квітень 2026;06.04.2026 14:58:00;продукти;Альянс Sid;"Продукти та супермаркети
Стартова •• 5993 ? Thrash";-227,98;-5 080,98
471;14373626;Квітень 2026;06.04.2026 13:38:22;ресторани та розваги;Приват Sid Унів;KAFETERIY, 3/15.3/15.GEROIV KRUT ST AVE;-120,00;-45 137,99
472;18870633;Квітень 2026;06.04.2026 10:48:16;спорт;Приват Sid Унів;Комплексна Дитячо-юнацька Спортивна Школа;-942,48;-45 017,99
473;73399673;Квітень 2026;06.04.2026 10:35:54;ресторани та розваги;Приват Sid Унів;VAPE LAND SHOP, SHEPETIVKA;-500,00;-44 075,51
474;16965618;Квітень 2026;06.04.2026 10:20:56;ресторани та розваги;Приват Sid Унів;VM SHOPS, area Khmelnytska, c Shepetivka;-700,00;-43 575,51
475;82455092;Квітень 2026;06.04.2026 10:18:07;зарплата і виплати;Приват Sid Виплати;Зарплата, ХЗВВСП. Коментар: Zarobitna plata-zarobitna plata;21 141,77;21 234,62
476;93029363;Квітень 2026;06.04.2026 10:17:00;ресторани та розваги;Альянс Sid;"Кафе та ресторани
Стартова •• 5993 ? KavyarnyaStakanchik";-84,00;-4 853,00
477;95112649;Квітень 2026;06.04.2026 10:08:40;здоров'я та краса;Приват Sid Унів;Vetapteka_01, Ukraine, area Khmelnytska, dis;-55,00;-42 875,51
478;61734083;Квітень 2026;05.04.2026 19:24:36;продукти;Приват Sid Унів;АТБ;-169,50;-42 820,51
479;39536882;Квітень 2026;05.04.2026 16:13:52;продукти;Приват Sid Унів;Траш;-328,61;-42 651,01
480;51916608;Квітень 2026;05.04.2026 11:21:23;громадський транспорт;Приват Sid Унів;Е-квиток Леокарт;-40,00;-42 322,40
481;67378238;Квітень 2026;04.04.2026 21:03:00;продукти;Альянс Sid;"Продукти та супермаркети
Стартова •• 5993 ? АТБ";-270,70;-4 769,00
482;05122856;Квітень 2026;04.04.2026 19:46:21;зв'язок;Приват Sid Унів;Vodafone;-300,00;-42 282,40
483;50008174;Квітень 2026;04.04.2026 17:05:21;продукти;Приват Sid Унів;АТБ;-133,70;-41 982,40
484;11336200;Квітень 2026;04.04.2026 08:03:00;продукти;Альянс Sid;"Продукти та супермаркети
Стартова •• 5993 ? Thrash";-164,60;-4 498,30
485;17022634;Квітень 2026;03.04.2026 17:03:13;продукти;Приват Sid Унів;АТБ;-116,50;-41 848,70
486;53701582;Квітень 2026;03.04.2026 15:34:04;продукти;Приват Sid Унів;АТБ;-63,70;-41 732,20
487;68155219;Квітень 2026;03.04.2026 11:09:03;продукти;Приват Sid Унів;АТБ;-1 498,54;-41 668,50
488;20131630;Квітень 2026;02.04.2026 15:55:46;продукти;Приват Sid Унів;АТБ;-121,00;-40 169,96
489;18058890;Квітень 2026;02.04.2026 12:53:54;продукти;Приват Sid Унів;MARKET, 32.32.PYMONENKA ST AVE;-26,00;-40 048,96
490;61970159;Квітень 2026;02.04.2026 10:20:55;здоров'я та краса;Приват Sid Унів;АПТЕКА 3  ШЕПЕТIВКА;-6,00;-40 022,96
491;09943809;Квітень 2026;02.04.2026 09:48:23;ресторани та розваги;ПУМБ Sid;100.00 100.00 0.00 53552800****4805 Ekspres671 SHEPETOVKA UAUA ;-100,00;-1 912,97
492;30136805;Квітень 2026;02.04.2026 09:47:58;ресторани та розваги;ПУМБ Sid;145.00 145.00 0.00 53552800****4805 Ekspres67 SHEPETOVKA UAUA ;-145,00;-1 812,97
493;26214535;Квітень 2026;01.04.2026 19:26:43;продукти;Приват Sid Унів;АТБ;-64,70;-40 016,96
494;27498256;Квітень 2026;01.04.2026 17:41:06;продукти;Приват Sid Унів;Грузинська випiчка;-70,00;-39 952,26
495;39652941;Квітень 2026;01.04.2026 17:35:11;продукти;Приват Sid Унів;Магазин  Срiбний;-65,00;-39 882,26
496;09992857;Квітень 2026;01.04.2026 16:20:30;зв'язок;ПУМБ Sid кредит;150.00 150.00 0.00 Поповнення мобільного зв'язку Київстар 380673091904 (#PH 290495610) Оплата;-150,00;112,14
497;71102894;Квітень 2026;01.04.2026 14:08:13;продукти;Приват Sid Унів;АТБ;-157,60;-39 817,26
498;18788641;Квітень 2026;01.04.2026 14:01:43;житло та побут;Приват Sid Унів;Магазин ВАША ГРЯДКА;-272,00;-39 659,66
499;07006841;Квітень 2026;01.04.2026 13:35:37;продукти;Приват Sid Унів;MARKET, 32.32.PYMONENKA ST AVE;-58,00;-39 387,66
500;01214924;Квітень 2026;01.04.2026 13:13:22;продукти;ПУМБ Sid;353.49 353.49 0.00 53552800****4805 MAGAZYN 394 SHEPETIVKA UAUA ;-353,49;-1 667,97
501;36129924;Квітень 2026;01.04.2026 12:57:53;витрати на авто;ПУМБ Sid;50.00 50.00 0.00 53552800****4805 AVTOMYIKA SHEPETOVKA UAUA ;-50,00;-1 314,48
502;96163733;Березень 2026;31.03.2026 15:25:54;громадський транспорт;Приват Sid Унів;Укрзалізниця;-82,83;-39 329,66
503;97381805;Березень 2026;31.03.2026 15:21:10;громадський транспорт;Приват Sid Унів;Укрзалізниця;-435,77;-39 246,83
504;76677102;Березень 2026;31.03.2026 15:12:46;громадський транспорт;Приват Sid Унів;Укрзалізниця;-60,00;-38 811,06
505;67229086;Березень 2026;31.03.2026 15:05:20;продукти;Приват Sid Унів;АТБ;-123,10;-38 751,06
506;92049725;Березень 2026;31.03.2026 14:02:10;продукти;Приват Sid Унів;MARKET, 32.32.PYMONENKA ST AVE;-26,00;-38 627,96
507;71921254;Березень 2026;30.03.2026 21:37:14;продукти;Приват Sid Унів;АТБ;-48,90;-38 601,96
508;16468012;Березень 2026;30.03.2026 17:25:36;продукти;Приват Sid Унів;АТБ;-103,90;-38 553,06
509;83612061;Березень 2026;30.03.2026 09:35:36;витрати на авто;Приват Olenka Унів;Укрнафта;-3 274,28;-6 452,90
510;56717578;Березень 2026;30.03.2026 09:08:08;продукти;Приват Sid Унів;АТБ;-838,31;-38 449,16
511;81889059;Березень 2026;30.03.2026 03:32:31;компослуги;Приват Sid Унів;WWW.IPAY.UA.TELECAP, Nizhnioyurkivska 45a;-102,56;-37 610,85
512;62006493;Березень 2026;29.03.2026 21:30:26;продукти;Приват Sid Унів;АТБ;-53,60;-37 508,29
513;59123720;Березень 2026;29.03.2026 20:50:10;продукти;Приват Sid Унів;АТБ;-42,30;-37 454,69
514;73203151;Березень 2026;29.03.2026 13:59:38;продукти;Приват Sid Унів;MAHAZYN 879, KVASYLIV;-334,11;-37 412,39
515;21516876;Березень 2026;29.03.2026 12:48:37;ресторани та розваги;Приват Sid Унів;PYVO-VODY, OSTRIG;-401,05;-37 078,28
516;54385389;Березень 2026;29.03.2026 12:41:41;компослуги;Приват Sid Унів;EASYPAY*INTERNET, KYIV;-309,00;-36 677,23
517;06643380;Березень 2026;28.03.2026 17:45:38;продукти;Приват Sid Унів;АТБ;-176,40;-36 368,23
518;24947782;Березень 2026;28.03.2026 16:53:23;зв'язок;Приват Sid Унів;Київстар;-225,00;-36 191,83
519;49146772;Березень 2026;28.03.2026 14:02:56;продукти;Приват Olenka Унів;Подiльський Фермер;-228,94;-3 178,62
520;55156434;Березень 2026;28.03.2026 13:58:00;продукти;Альянс Olenka;"Продукти та супермаркети
Стартова •• 0550 ? MAGAZYN 394";-1 333,72;-2 805,60
521;66370842;Березень 2026;28.03.2026 13:47:39;витрати на авто;ПУМБ Sid;50.00 50.00 0.00 53552800****4805 AVTOMYIKA SHEPETOVKA UAUA ;-50,00;-1 264,48
522;18829767;Березень 2026;28.03.2026 13:43:13;витрати на авто;ПУМБ Sid;60.00 60.00 0.00 53552800****4805 AVTOMYIKA SHEPETOVKA UAUA ;-60,00;-1 214,48
523;81580576;Березень 2026;28.03.2026 13:38:42;витрати на авто;ПУМБ Sid;60.00 60.00 0.00 53552800****4805 AVTOMYIKA SHEPETOVKA UAUA ;-60,00;-1 154,48
524;03274320;Березень 2026;28.03.2026 11:43:00;бонуси та кешбек;Альянс Olenka;"Переказ на картку
Кешбек ? Стартова •• •• 0550";462,00;-1 471,88
525;81592182;Березень 2026;28.03.2026 11:41:00;здоров'я та краса;Альянс Olenka;"Аптеки
Стартова •• 0550 ? Apteka 19 SHEPETIVK";-286,59;-1 933,88
526;50050193;Березень 2026;28.03.2026 11:33:10;витрати на авто;ПУМБ Sid;1050.00 1050.00 0.00 53552800****4805 DOKTOR KOLESA SHEPETOVKA UAUA ;-1 050,00;-1 094,48
527;04498630;Березень 2026;28.03.2026 11:20:20;продукти;ПУМБ Sid;50.00 50.00 0.00 53552800****4805 MagazinKoshik SHEPETOVKA UAUA ;-50,00;-44,48
528;13519297;Березень 2026;28.03.2026 10:38:00;бонуси та кешбек;А-Банк Sid Кешбек;Зарахування «Національний Кешбек»;351,42;672,78
529;91699911;Березень 2026;27.03.2026 14:20:46;продукти;Приват Sid Унів;АТБ;-158,30;-35 966,83
530;46156906;Березень 2026;27.03.2026 13:42:06;витрати на авто;Приват Olenka Унів;AZS R9102, A/D M-03 KYIV-KHAR.KM 307-422;-3 079,59;-2 949,68
531;66643295;Березень 2026;27.03.2026 12:43:48;продукти;Приват Sid Унів;MARKET, 32.32.PYMONENKA ST AVE;-26,00;-35 808,53
532;38671361;Березень 2026;27.03.2026 10:50:00;продукти;Альянс Olenka;"Продукти та супермаркети
Стартова •• 0550 ? АТБ";-426,90;-1 647,29
533;08252023;Березень 2026;26.03.2026 17:18:00;продукти;Альянс Olenka;"Продукти та супермаркети
Стартова •• 0550 ? АТБ";-609,77;-1 220,39
534;18097643;Березень 2026;26.03.2026 15:59:04;продукти;Приват Sid Унів;АТБ;-163,80;-35 782,53
535;27988967;Березень 2026;26.03.2026 13:50:30;продукти;Приват Sid Унів;MARKET, 32.32.PYMONENKA ST AVE;-26,00;-35 618,73
536;91716926;Березень 2026;26.03.2026 08:07:00;громадський транспорт;Приват Sid Унів;МЕТАЛУРГIВ;-10,00;-35 592,73
537;41210905;Березень 2026;25.03.2026 20:48:40;продукти;Приват Sid Унів;АТБ;-72,70;-35 582,73
538;24027632;Березень 2026;25.03.2026 20:03:35;продукти;Приват Sid Унів;MARKET, 32.32.PYMONENKA ST AVE;-113,00;-35 510,03
539;25975646;Березень 2026;25.03.2026 15:52:43;продукти;Приват Sid Унів;АТБ;-162,00;-35 397,03
540;96850290;Березень 2026;25.03.2026 15:26:51;витрати на авто;Приват Sid Унів;AZK 2140, KYIV;-3 054,87;-35 235,03
541;87298808;Березень 2026;25.03.2026 13:58:02;продукти;Приват Sid Унів;MARKET, 32.32.PYMONENKA ST AVE;-79,00;-32 180,16
542;47770768;Березень 2026;25.03.2026 10:36:48;поштові послуги;Приват Sid Унів;NovaPay;-548,00;-32 101,16
543;42833068;Березень 2026;24.03.2026 16:01:15;продукти;Приват Sid Унів;АТБ;-142,40;-31 553,16
544;46528007;Березень 2026;24.03.2026 15:25:00;продукти;Альянс Olenka;"Продукти та супермаркети
Стартова •• 0550 ? FOP RUSTAMOV AKHMED";-332,16;-610,62
545;99620794;Березень 2026;24.03.2026 15:17:00;продукти;Альянс Olenka;"Продукти та супермаркети
Стартова •• 0550 ? Miasnii Market";-278,46;-278,46
546;97930274;Березень 2026;24.03.2026 14:03:41;продукти;Приват Sid Унів;MARKET, 32.32.PYMONENKA ST AVE;-55,00;-31 410,76
547;72747084;Березень 2026;24.03.2026 12:55:30;продукти;Приват Sid Унів;MARKET, 32.32.PYMONENKA ST AVE;-26,00;-31 355,76
548;26151062;Березень 2026;23.03.2026 20:34:36;продукти;Приват Sid Унів;АТБ;-136,90;-31 329,76
549;31641610;Березень 2026;23.03.2026 15:58:42;переказ з чужого рахунку;Приват Sid Унів;від OLENA SIDORSKA;9 800,00;-31 192,86
550;59308965;Березень 2026;23.03.2026 14:57:49;продукти;Приват Sid Унів;АТБ;-56,20;-40 992,86
551;35082855;Березень 2026;23.03.2026 14:24:59;продукти;Приват Sid Унів;АТБ;-883,04;-40 936,66
552;52656322;Березень 2026;23.03.2026 13:51:59;продукти;Приват Sid Унів;MARKET, 32.32.PYMONENKA ST AVE;-26,00;-40 053,62
553;19331294;Березень 2026;23.03.2026 13:07:49;продукти;Приват Sid Унів;"МАГАЗИН ""ПАРТНЕР""";-103,80;-40 027,62
554;99190419;Березень 2026;23.03.2026 12:57:01;житло та побут;Приват Sid Унів;EVA;-104,00;-39 923,82
555;70535524;Березень 2026;22.03.2026 19:39:29;продукти;Приват Sid Унів;АТБ;-122,10;-39 819,82
556;80734870;Березень 2026;22.03.2026 12:12:17;продукти;Приват Sid Унів;NOVUS;-162,36;-39 697,72
557;09394834;Березень 2026;22.03.2026 09:38:58;продукти;Приват Sid Унів;NOVUS;-250,98;-39 535,36
558;49292906;Березень 2026;22.03.2026 09:23:49;техніка і цифрові товари;Приват Sid Унів;Аврора;-57,00;-39 284,38
559;38919707;Березень 2026;22.03.2026 08:10:25;переказ на чужий рахунок;Monobank Sid Чорна;414943****6795;-1 530,00;226,00
560;38300472;Березень 2026;22.03.2026 07:52:42;переказ на чужий рахунок;Monobank Sid Чорна;Олександр К.;-4 001,00;1 756,00
561;58248885;Березень 2026;21.03.2026 21:25:22;переказ на чужий рахунок;Monobank Sid Чорна;Станіслав К.;-452,00;5 757,00
562;40360805;Березень 2026;21.03.2026 17:04:52;витрати на авто;Приват Sid Унів;AZK 2126, KYIV;-2 937,17;-39 227,38
563;07322586;Березень 2026;21.03.2026 16:36:28;житло та побут;Приват Sid Унів;Епіцентр;-2 592,54;-36 290,21
564;83181687;Березень 2026;21.03.2026 16:31:16;продукти;Приват Sid Унів;АТБ;-194,30;-33 697,67
565;39093675;Березень 2026;21.03.2026 16:10:35;техніка і цифрові товари;Приват Sid Унів;ПОКУПКА, Цифрові послуги;-50,00;-33 503,37
566;77567464;Березень 2026;21.03.2026 14:08:10;техніка і цифрові товари;Приват Sid Унів;Аврора;-68,00;-33 453,37
567;85369454;Березень 2026;21.03.2026 10:04:55;продукти;Приват Sid Унів;NOVUS;-727,98;-33 385,37
568;70254662;Березень 2026;20.03.2026 21:56:45;продукти;Приват Sid Унів;NOVUS;-699,94;-32 657,39
569;98604542;Березень 2026;20.03.2026 17:06:35;продукти;Приват Sid Унів;Сільпо;-66,99;-31 957,45
570;08019809;Березень 2026;20.03.2026 17:05:48;продукти;Приват Sid Унів;Сільпо;-816,68;-31 890,46
571;34161205;Березень 2026;20.03.2026 13:40:25;продукти;Приват Sid Унів;АТБ;-93,40;-31 073,78
572;89128667;Березень 2026;20.03.2026 13:11:11;продукти;Приват Sid Унів;MARKET, 32.32.PYMONENKA ST AVE;-61,00;-30 980,38
573;69549849;Березень 2026;20.03.2026 12:27:48;ресторани та розваги;Приват Sid Унів;Монастiк;-1 350,00;-30 919,38
574;15413747;Березень 2026;20.03.2026 12:19:40;ресторани та розваги;Приват Sid Унів;Монастiк;-345,00;-29 569,38
575;15534813;Березень 2026;20.03.2026 11:11:03;компослуги;Приват Sid Унів;WWW.IPAY.UA.TELECAP, Nizhnioyurkivska 45a;-102,56;-29 224,38
576;34690722;Березень 2026;19.03.2026 23:59:00;спорт;А-Банк Sid Спорт;Vovkulaky,lvov,ua;-300,00;0,00
577;20835528;Березень 2026;19.03.2026 18:40:37;ресторани та розваги;Приват Sid Унів;Монастiк;-162,00;-29 121,82
578;35974098;Березень 2026;19.03.2026 18:38:18;ресторани та розваги;Приват Sid Унів;Монастiк;-750,00;-28 959,82
579;98630914;Березень 2026;19.03.2026 15:59:00;продукти;А-Банк Sid АТБ;АТБ;-108,57;-9 910,26
580;06319067;Березень 2026;19.03.2026 15:05:04;ресторани та розваги;Приват Sid Унів;Монастiк;-1 536,00;-28 209,82
581;03031878;Березень 2026;19.03.2026 12:31:58;ресторани та розваги;Приват Sid Унів;Монастiк;-200,00;-26 673,82
582;76556149;Березень 2026;19.03.2026 12:26:44;продукти;Приват Sid Унів;MARKET, 32.32.PYMONENKA ST AVE;-58,00;-26 473,82
583;04095025;Березень 2026;19.03.2026 09:35:44;ресторани та розваги;Приват Sid Унів;Монастiк;-50,00;-26 415,82
584;62080074;Березень 2026;18.03.2026 20:08:04;продукти;Приват Sid Унів;MARKET, 32.32.PYMONENKA ST AVE;-61,00;-26 365,82
585;29918307;Березень 2026;18.03.2026 19:15:36;ресторани та розваги;Приват Sid Унів;Монастiк;-210,00;-26 304,82
586;88396176;Березень 2026;18.03.2026 18:19:27;продукти;Приват Sid Унів;Сільпо;-102,48;-26 094,82
587;62778773;Березень 2026;18.03.2026 17:31:19;ресторани та розваги;Приват Sid Унів;Монастiк;-200,00;-25 992,34
588;20417754;Березень 2026;18.03.2026 17:29:25;продукти;Приват Sid Унів;Сільпо;-24,99;-25 792,34
589;06055195;Березень 2026;18.03.2026 16:58:42;ресторани та розваги;Приват Sid Унів;KFC;-239,00;-25 767,35
590;30535382;Березень 2026;18.03.2026 15:58:00;продукти;А-Банк Sid АТБ;АТБ;-100,33;-9 801,69
591;12160706;Березень 2026;18.03.2026 15:00:29;ресторани та розваги;Приват Sid Унів;Монастiк;-200,00;-25 528,35
592;25875560;Березень 2026;18.03.2026 12:10:38;продукти;Приват Sid Унів;MARKET, 32.32.PYMONENKA ST AVE;-77,00;-25 328,35
593;85337059;Березень 2026;18.03.2026 11:31:00;витрати на авто;А-Банк Sid АТБ;Укрнафта;-2 919,60;-9 701,36
594;03553967;Березень 2026;18.03.2026 10:32:00;продукти;А-Банк Sid АТБ;АТБ;-414,80;-6 781,76
595;20863997;Березень 2026;17.03.2026 21:11:00;продукти;А-Банк Sid АТБ;АТБ;-171,52;-6 366,96
596;08882671;Березень 2026;17.03.2026 19:13:57;спорт;Приват Sid Унів;Vovkulaky;-900,00;-25 251,35
597;75889247;Березень 2026;17.03.2026 15:29:31;здоров'я та краса;Приват Sid Унів;APTEKA, LVIV;-180,80;-24 351,35
598;90101134;Березень 2026;17.03.2026 15:23:00;продукти;А-Банк Sid АТБ;АТБ;-46,36;-6 195,44
599;56309644;Березень 2026;17.03.2026 14:51:42;одяг та взуття;Приват Sid Унів;Planeta Dzhins, Ukraine, area Khmelnytska, cit;-1 100,00;-24 170,55
600;95977615;Березень 2026;17.03.2026 14:17:22;витрати на авто;Приват Sid Унів;AVTOREAL, 2.PLISHCHYNSKA PROV;-150,00;-23 070,55
601;45000198;Березень 2026;17.03.2026 14:07:02;продукти;Приват Sid Унів;MARKET, 32.32.PYMONENKA ST AVE;-26,00;-22 920,55
602;31759680;Березень 2026;17.03.2026 11:34:58;продукти;Приват Sid Унів;ФОП Березовський Максим Анатолийович;-170,00;-22 894,55
603;86598052;Березень 2026;16.03.2026 15:50:00;продукти;А-Банк Sid АТБ;АТБ;-165,12;-6 149,08
604;00396512;Березень 2026;16.03.2026 15:16:00;витрати на авто;А-Банк Sid АТБ;Укрнафта;-2 732,02;-5 983,96
605;92197638;Березень 2026;16.03.2026 13:28:45;продукти;Приват Sid Унів;MARKET, 32.32.PYMONENKA ST AVE;-26,00;-22 724,55
606;47419897;Березень 2026;16.03.2026 12:00:34;продукти;Приват Sid Унів;МЯСНИЙ МАЙСТЕР;-444,75;-22 698,55
607;03749081;Березень 2026;16.03.2026 11:51:00;продукти;А-Банк Sid АТБ;АТБ;-272,34;-3 251,94
608;48761040;Березень 2026;16.03.2026 06:32:10;зв'язок;Приват Sid Унів;Vodafone;-59,00;-22 253,80
609;32907879;Березень 2026;15.03.2026 21:31:00;продукти;А-Банк Sid АТБ;АТБ;-229,42;-2 979,60
610;36188325;Березень 2026;15.03.2026 21:07:28;продукти;Приват Sid Унів;Близенько;-38,49;-22 194,80
611;64705873;Березень 2026;15.03.2026 17:10:57;продукти;Приват Sid Унів;Roshen;-54,65;-22 156,31
612;24692804;Березень 2026;15.03.2026 17:03:43;житло та побут;Приват Sid Унів;EVA;-79,48;-22 101,66
613;55340795;Березень 2026;15.03.2026 14:42:51;ресторани та розваги;Приват Sid Унів;VAPE LAND SHOP, SHEPETIVKA;-500,00;-22 022,18
614;65088405;Березень 2026;15.03.2026 14:39:16;продукти;Приват Sid Унів;"Супермаркет ""Тайстра""";-496,11;-21 522,18
615;92293888;Березень 2026;15.03.2026 14:18:07;громадський транспорт;Приват Sid Унів;Е-квиток Леокарт;-20,00;-21 026,07
616;42461198;Березень 2026;15.03.2026 14:09:20;житло та побут;Приват Sid Унів;EVA;-136,79;-21 006,07
617;50233574;Березень 2026;15.03.2026 13:46:07;ресторани та розваги;Приват Sid Унів;E-wingsDrohobyc, ID платежу: 2818852381;-40,00;-20 869,28
618;69331687;Березень 2026;15.03.2026 09:59:32;переказ на чужий рахунок;Приват Olenka Виплати;На картку;-305,00;64,38
619;94395269;Березень 2026;15.03.2026 09:59:28;переказ на чужий рахунок;Приват Sid Виплати;На картку;-305,00;92,85
620;15770957;Березень 2026;15.03.2026 00:27:08;оплата кредитів;ПУМБ Sid кредит;99.93 99.93 0.00 . .Договірне грошових коштів на погашення заборгованості з-но кредитного договору № 5001593850501 від 14/02/2026, позичальник Сідорський Сергій Станісл ;-99,93;262,14
621;36658537;Березень 2026;14.03.2026 18:57:00;компослуги;Альянс Sid;"Комунальні послуги
IMKKHSCY 523244••••••5993 ? Нафтогаз України. Газ, Особовий рахунок 370006808, вул.
Павла Чубинського, буд. 149, Сідорський Сергій Станіславович, Лютий 2026 . Газ,
Особовий рахунок 370006808, вул. Павла Чубинського, буд. 149, Сідорський Сергій
Станіславович, Лютий 2026
IBAN: UA723204780000026006000255925
ЄДРПОУ: 40121452";-2 434,81;-4 333,70
622;12016099;Березень 2026;14.03.2026 18:47:00;продукти;А-Банк Sid АТБ;АТБ;-161,06;-2 750,18
623;53754087;Березень 2026;14.03.2026 17:07:37;ресторани та розваги;Приват Sid Унів;Кафе ДРОВА GRILL;-145,00;-20 829,28
624;88666513;Березень 2026;14.03.2026 17:04:25;поштові послуги;Приват Sid Унів;NovaPay;-70,00;-20 684,28
625;77768164;Березень 2026;14.03.2026 16:38:27;продукти;Приват Sid Унів;Траш;-82,00;-20 614,28
626;49136343;Березень 2026;14.03.2026 12:22:44;ресторани та розваги;Приват Sid Унів;PYVO VODY, SLAVUTA;-222,00;-20 532,28
627;95339626;Березень 2026;14.03.2026 08:46:00;переказ з чужого рахунку;Приват Sid Унів;Сікора В.;200,00;-20 310,28
628;52704838;Березень 2026;13.03.2026 20:55:00;продукти;А-Банк Sid АТБ;АТБ;-201,32;-2 589,12
629;98690515;Березень 2026;13.03.2026 20:42:17;продукти;Приват Sid Унів;Грузинська випiчка;-70,00;-20 510,28
630;76855462;Березень 2026;13.03.2026 19:06:00;продукти;Альянс Sid;"Продукти та супермаркети
Стартова •• 5993 ? АТБ";-406,28;-1 898,89
631;84346985;Березень 2026;13.03.2026 17:36:30;продукти;Приват Sid Унів;АТБ;-72,60;-20 440,28
632;20840028;Березень 2026;13.03.2026 13:28:48;техніка і цифрові товари;Приват Sid Унів;Rozetka;-1 568,00;-20 367,68
633;73270099;Березень 2026;13.03.2026 12:47:00;житло та побут;Приват Sid Унів;EVA;-558,89;-18 799,68
634;18485109;Березень 2026;13.03.2026 12:40:00;продукти;Альянс Sid;"Продукти та супермаркети
Стартова •• 5993 ? АТБ";-542,28;-1 492,61
635;01218929;Березень 2026;13.03.2026 12:30:05;продукти;Приват Sid Унів;MAGAZYN NADIYA, 23/49.MARKSA K. ST;-600,00;-18 240,79
636;46249866;Березень 2026;13.03.2026 12:26:00;продукти;Альянс Sid;"Продукти та супермаркети
Стартова •• 5993 ? KORETSKI KOVBASY RYBA";-124,47;-950,33
637;64337549;Березень 2026;13.03.2026 12:14:43;поштові послуги;Приват Sid Унів;NovaPay;-83,50;-17 640,79
638;42015656;Березень 2026;12.03.2026 19:57:00;продукти;А-Банк Sid АТБ;АТБ;-126,50;-2 387,80
639;27414841;Березень 2026;11.03.2026 21:47:00;продукти;А-Банк Sid АТБ;АТБ;-186,35;-2 261,30
640;20246255;Березень 2026;11.03.2026 18:22:21;продукти;Приват Sid Унів;Сільпо;-52,98;-17 557,29
641;84564245;Березень 2026;11.03.2026 17:21:24;продукти;Приват Sid Унів;Roshen;-74,95;-17 504,31
642;52772926;Березень 2026;11.03.2026 16:50:24;ресторани та розваги;Приват Sid Унів;KFC;-239,00;-17 429,36
643;65056744;Березень 2026;11.03.2026 13:23:00;продукти;Альянс Sid;"Продукти та супермаркети
Стартова •• 5993 ? АТБ";-544,68;-825,86
644;41662129;Березень 2026;11.03.2026 11:59:00;продукти;Альянс Sid;"Продукти та супермаркети
Стартова •• 5993 ? Myasniymarket";-281,18;-281,18
645;24623019;Березень 2026;11.03.2026 08:22:06;компослуги;Приват Sid Унів;WWW.IPAY.UA.TELECAP, Nizhnioyurkivska 45a;-102,56;-17 190,36
646;05802764;Березень 2026;11.03.2026 00:25:35;оплата кредитів;ПУМБ Sid кредит;1199.93 1199.93 0.00 . .Договірне грошових коштів на погашення заборгованості з-но кредитного договору № 5001587567301 від 10/02/2026, позичальник Сідорський Сергій Станісл ;-1 199,93;362,07
647;82260799;Березень 2026;10.03.2026 20:43:00;продукти;А-Банк Sid АТБ;АТБ;-103,51;-2 074,95
648;56250494;Березень 2026;10.03.2026 13:15:27;переказ з власного рахунку;Приват Sid Унів;Сідорська О.;7 500,00;-17 087,80
649;78378924;Березень 2026;10.03.2026 13:15:25;переказ на власний рахунок;Приват Olenka Унів;Сідорський С.;-7 500,00;129,91
650;45347522;Березень 2026;10.03.2026 13:14:49;переказ з власного рахунку;Приват Sid Унів;Сідорська О.;13 500,00;-24 587,80
651;36671268;Березень 2026;10.03.2026 13:14:48;переказ на власний рахунок;Приват Olenka Виплати;Сідорський С.;-13 500,00;369,38
652;18587256;Березень 2026;10.03.2026 12:46:55;бонуси та кешбек;Приват Sid Унів;ABNK, Dnipro;1 041,00;-38 087,80
653;96710780;Березень 2026;09.03.2026 18:42:49;ресторани та розваги;Приват Sid Унів;Coffee bike;-120,00;-39 128,80
654;95568772;Березень 2026;09.03.2026 09:41:28;ресторани та розваги;Приват Sid Унів;Кавярня  LuVi;-35,00;-39 008,80
655;11155558;Березень 2026;09.03.2026 09:02:34;переказ з власного рахунку;Приват Sid Унів;Зі своєї картки *0707;7 000,00;-38 973,80
656;98290562;Березень 2026;09.03.2026 09:02:33;переказ на власний рахунок;Приват Sid Виплати;На свою картку *4169;-7 000,00;397,85
657;64258459;Березень 2026;09.03.2026 08:56:33;переказ з власного рахунку;ПУМБ Sid;1900.00 1900.00 0.00 53552800****4805 MONOBANK KYIV UA ;1 900,00;5,52
658;22072301;Березень 2026;09.03.2026 08:56:17;переказ на власний рахунок;Monobank Sid Чорна;Сергій С.;-1 900,00;6 209,00
659;95668275;Березень 2026;08.03.2026 18:08:00;продукти;А-Банк Sid АТБ;АТБ;-124,89;-1 971,44
660;64161122;Березень 2026;08.03.2026 16:52:48;продукти;Приват Sid Унів;АТБ;-233,58;-45 973,80
661;10792906;Березень 2026;08.03.2026 14:40:54;поповнення готівкою;Monobank Sid Чорна;City24;2 000,00;8 109,00
662;86840018;Березень 2026;08.03.2026 14:39:00;продукти;А-Банк Sid АТБ;АТБ;-669,00;-1 846,55
663;38863206;Березень 2026;08.03.2026 14:09:26;житло та побут;Приват Sid Унів;EVA;-55,90;-45 740,22
664;94298736;Березень 2026;08.03.2026 14:08:48;житло та побут;Приват Sid Унів;EVA;-271,99;-45 684,32
665;02498542;Березень 2026;08.03.2026 11:22:02;переказ на чужий рахунок;Monobank Sid Чорна;545708****4834;-4 000,00;6 109,00
666;55780866;Березень 2026;08.03.2026 11:18:21;переказ на чужий рахунок;Приват Olenka Виплати;На картку;-605,00;13 869,38
667;51619596;Березень 2026;07.03.2026 15:49:00;продукти;А-Банк Sid АТБ;АТБ;-147,79;-1 177,55
668;83586519;Березень 2026;06.03.2026 20:08:00;продукти;А-Банк Sid АТБ;АТБ;-109,59;-1 029,76
669;78871312;Березень 2026;06.03.2026 19:01:48;витрати на авто;Приват Sid Унів;АВТОМИЙКА;-50,00;-45 412,33
670;60204428;Березень 2026;06.03.2026 18:58:38;витрати на авто;Приват Sid Унів;АВТОМИЙКА;-50,00;-45 362,33
671;93263704;Березень 2026;06.03.2026 18:53:00;продукти;А-Банк Sid АТБ;АТБ;-207,55;-920,17
672;26482241;Березень 2026;06.03.2026 18:52:47;витрати на авто;Приват Sid Унів;АВТОМИЙКА;-50,00;-45 312,33
673;66648695;Березень 2026;06.03.2026 18:47:59;витрати на авто;Приват Sid Унів;АВТОМИЙКА;-50,00;-45 262,33
674;79436969;Березень 2026;06.03.2026 18:44:31;продукти;Приват Sid Унів;Family Mart;-28,00;-45 212,33
675;61766180;Березень 2026;06.03.2026 18:29:18;поштові послуги;Приват Sid Унів;NovaPay;-180,00;-45 184,33
676;13843345;Березень 2026;06.03.2026 18:14:16;продукти;Приват Sid Унів;Магазин Кошик;-69,00;-45 004,33
677;55289584;Березень 2026;06.03.2026 18:02:36;інші витрати;Приват Olenka Виплати;Зняття готівки в банкоматі;-15 000,00;14 474,38
678;03092221;Березень 2026;06.03.2026 17:25:18;зарплата і виплати;Приват Olenka Виплати;Зарплата, ВIЙСЬКОВА ЧАСТИНА А 5068. Коментар: Hroshove zabezpechennia;24 952,89;29 474,38
679;59895979;Березень 2026;06.03.2026 17:14:07;переказ з чужого рахунку;Monobank Sid Чорна;Від: Sidorska Viktoriia;4 000,00;10 109,00
680;58643543;Березень 2026;06.03.2026 15:21:13;продукти;Приват Sid Унів;SHOP DOBROBUT, 2A.ZAVODSKA ST;-98,40;-44 935,33
681;76224104;Березень 2026;06.03.2026 14:43:00;продукти;А-Банк Sid АТБ;АТБ;-125,91;-712,62
682;02518183;Березень 2026;06.03.2026 14:38:00;здоров'я та краса;Приват Sid Унів;APTEKA, LVIV;-123,50;-44 836,93
683;97618681;Березень 2026;06.03.2026 11:35:45;техніка і цифрові товари;Приват Sid Унів;Аврора;-198,00;-44 713,43
684;83606844;Березень 2026;06.03.2026 11:25:35;поповнення готівкою;Monobank Sid Чорна;City24;6 000,00;6 109,00
685;46640575;Березень 2026;06.03.2026 11:23:00;продукти;А-Банк Sid АТБ;АТБ;-863,15;-586,71
686;45773431;Березень 2026;06.03.2026 11:21:00;поповнення готівкою;А-Банк Sid АТБ;City24;10 000,00;276,44
687;68103533;Березень 2026;06.03.2026 11:18:09;поповнення готівкою;ПУМБ Sid кредит;Поповнення (CITY24);1 485,00;1 562,00
688;31269823;Березень 2026;06.03.2026 11:09:11;продукти;Приват Sid Унів;Мясний Маркет;-915,76;-44 515,43
689;42390576;Березень 2026;06.03.2026 09:17:58;зняття готівки;Приват Sid Виплати;Зняття готівки в банкоматі;-19 485,00;7 397,85
690;42390576;Березень 2026;06.03.2026 09:17:58;інші витрати;Приват Sid Виплати;Зняття готівки в банкоматі;-515,00;7 397,85
691;53134975;Березень 2026;06.03.2026 07:19:30;зарплата і виплати;Приват Sid Виплати;Соціальні виплати;3 675,98;27 397,85
692;88150144;Березень 2026;05.03.2026 18:24:00;продукти;А-Банк Sid АТБ;АТБ;-130,10;-9 723,56
693;52040012;Березень 2026;05.03.2026 10:34:58;зарплата і виплати;Приват Sid Виплати;Зарплата, ХЗВВСП. Коментар: Zarobitna plata-zarobitna plata;21 141,77;23 721,87
694;26213852;Березень 2026;05.03.2026 09:53:31;ресторани та розваги;Приват Sid Унів;KAFETERIY, 3/15.3/15.GEROIV KRUT ST AVE;-125,00;-43 599,67
695;00070499;Березень 2026;04.03.2026 23:35:00;продукти;А-Банк Sid АТБ;АТБ;-114,99;-9 593,46
696;26818520;Березень 2026;04.03.2026 23:22:18;ресторани та розваги;Приват Sid Унів;Ewings Lv5, ID платежу: 2812234126;-40,00;-43 474,67
697;77859464;Березень 2026;04.03.2026 23:01:33;громадський транспорт;Приват Sid Унів;Bolt;-75,00;-43 434,67
698;58480221;Березень 2026;04.03.2026 19:18:54;громадський транспорт;Приват Sid Унів;Е-квиток Леокарт;-20,00;-43 359,67
699;08959226;Березень 2026;04.03.2026 17:07:48;ресторани та розваги;Приват Sid Унів;shaurma 1, area Rivnenska, c Rivne, st. V;-125,00;-43 339,67
700;16214651;Березень 2026;04.03.2026 16:22:20;продукти;Приват Sid Унів;АТБ;-543,77;-43 214,67
701;83690603;Березень 2026;03.03.2026 19:10:00;продукти;А-Банк Sid АТБ;АТБ;-179,37;-9 478,47
702;96701020;Березень 2026;03.03.2026 14:16:18;витрати на авто;Приват Sid Унів;AZS 0139, SHEPETIVKA;-2 157,07;-42 670,90
703;21067669;Березень 2026;03.03.2026 13:10:35;зв'язок;Приват Sid Унів;Vodafone;-300,00;-40 513,83
704;70678915;Березень 2026;02.03.2026 19:16:00;продукти;А-Банк Sid АТБ;АТБ;-139,31;-9 299,10
705;17763809;Березень 2026;02.03.2026 14:37:00;зв'язок;А-Банк Sid АТБ;Поповнення +380673091904;-150,00;-9 159,79
706;90783500;Березень 2026;02.03.2026 13:34:04;компослуги;Приват Sid Унів;WWW.IPAY.UA.TELECAP, Nizhnioyurkivska 45a;-102,56;-40 213,83
707;55824393;Березень 2026;02.03.2026 11:56:30;ресторани та розваги;Приват Sid Унів;Кавярня  Стаканчик;-77,00;-40 111,27
708;12151468;Березень 2026;01.03.2026 17:03:07;продукти;Приват Sid Унів;АТБ;-175,39;-40 034,27
709;52983398;Березень 2026;01.03.2026 12:29:00;продукти;А-Банк Sid АТБ;АТБ;-192,11;-9 009,79
710;03251296;Березень 2026;01.03.2026 11:06:41;переказ на чужий рахунок;Приват Olenka Виплати;На картку;-605,00;4 521,49
711;97397857;Березень 2026;01.03.2026 08:06:58;компослуги;Приват Sid Унів;WWW.IPAY.UA.*telecom1, NIZHNEJURKIVSKA 45A;-307,69;-39 858,88
712;51078475;Лютий 2026;28.02.2026 20:29:22;техніка і цифрові товари;Приват Sid Унів;ПОКУПКА, Цифрові послуги;-50,00;-39 551,19
713;51593758;Лютий 2026;28.02.2026 15:48:00;продукти;А-Банк Sid АТБ;АТБ;-139,31;-8 817,68
714;36303518;Лютий 2026;28.02.2026 14:28:05;зв'язок;Приват Sid Унів;Київстар;-225,00;-39 501,19
715;08258400;Лютий 2026;28.02.2026 11:12:00;продукти;А-Банк Sid АТБ;АТБ;-396,33;-8 678,37
716;22838606;Лютий 2026;28.02.2026 10:53:12;продукти;Приват Sid Унів;Rybka tvoey _01, area Khmelnytska, c Shepetivka;-206,16;-39 276,19
717;16543483;Лютий 2026;27.02.2026 21:28:00;бонуси та кешбек;А-Банк Sid Кешбек;Зарахування «Національний Кешбек»;320,65;321,36
718;61667845;Лютий 2026;27.02.2026 19:18:52;продукти;Приват Sid Унів;Грузинська випiчка;-65,00;-39 070,03
719;99456729;Лютий 2026;27.02.2026 16:28:13;продукти;Приват Sid Унів;Сільпо;-70,87;-39 005,03
720;60063019;Лютий 2026;27.02.2026 15:01:03;продукти;Приват Sid Унів;Сільпо;-70,48;-38 934,16
721;16142484;Лютий 2026;27.02.2026 14:09:09;зарплата і виплати;Приват Olenka Виплати;"Безготівкове зарахування, Здолбунiвська мiська рада. Коментар: 0113242;2730 ;матерiальна допомога громадяну громади за лютий 2026 року ;згiдно електронного зведеного реєстру № 11.. Коментар: 0113242;2730 ;матерiальна допомога громадяну громади за лютий 2026 року ;згiдно електронного зведеного реєстру № 11.";4 975,00;5 126,49
722;08650286;Лютий 2026;27.02.2026 12:21:24;продукти;Приват Sid Унів;Близенько;-85,98;-38 863,68
723;72182797;Лютий 2026;27.02.2026 12:07:15;громадський транспорт;Приват Sid Унів;Е-квиток Леокарт;-60,00;-38 777,70
724;79344926;Лютий 2026;26.02.2026 19:13:00;продукти;А-Банк Sid АТБ;АТБ;-276,77;-8 282,04
725;44309944;Лютий 2026;26.02.2026 18:55:45;продукти;Приват Sid Унів;Грузинська випiчка;-50,00;-38 717,70
726;60113471;Лютий 2026;26.02.2026 13:26:41;здоров'я та краса;Приват Sid Унів;Аптека низьких цін;-1 819,20;-38 667,70
727;17147581;Лютий 2026;26.02.2026 13:16:00;продукти;А-Банк Sid АТБ;АТБ;-496,20;-8 005,27
728;69945760;Лютий 2026;26.02.2026 13:07:35;продукти;Приват Sid Унів;KORETSKI KOVBASY RYBA, SHEPETIVKA;-144,91;-36 848,50
729;42109354;Лютий 2026;26.02.2026 13:05:00;здоров'я та краса;Приват Sid Унів;Аптека 37 Конекс;-90,13;-36 703,59
730;17491810;Лютий 2026;26.02.2026 13:03:37;здоров'я та краса;Приват Sid Унів;Аптека 37 Конекс;-281,24;-36 613,46
731;90878446;Лютий 2026;25.02.2026 21:50:00;продукти;А-Банк Sid АТБ;АТБ;-226,16;-7 509,07
732;09865562;Лютий 2026;25.02.2026 13:30:10;переказ з чужого рахунку;ПУМБ Olenka;200.00 200.00 0.00 53552800****0950 MONOBANK KYIV UA ;200,00;0,00
733;51870340;Лютий 2026;25.02.2026 12:57:53;витрати на авто;Приват Sid Унів;AZS 0139, SHEPETIVKA;-1 000,18;-36 332,22
734;28269010;Лютий 2026;25.02.2026 12:23:00;продукти;А-Банк Sid АТБ;АТБ;-956,38;-7 282,91
735;78488049;Лютий 2026;25.02.2026 12:19:54;переказ на чужий рахунок;Приват Sid Виплати;Трочук В.;-201,01;2 580,10
736;41001912;Лютий 2026;24.02.2026 15:26:36;продукти;Приват Sid Унів;Грузинська випiчка;-67,00;-35 332,04
737;91522872;Лютий 2026;24.02.2026 15:17:00;продукти;А-Банк Sid АТБ;АТБ;-100,08;-6 326,53
738;63840910;Лютий 2026;23.02.2026 20:29:00;продукти;А-Банк Sid АТБ;АТБ;-166,64;-6 226,45
739;22098085;Лютий 2026;23.02.2026 15:35:15;продукти;Приват Sid Унів;АТБ;-124,50;-35 265,04
740;17287724;Лютий 2026;23.02.2026 14:11:29;продукти;Приват Sid Унів;MARKET, 32.32.PYMONENKA ST AVE;-46,00;-35 140,54
741;79405603;Лютий 2026;22.02.2026 19:38:00;продукти;А-Банк Sid АТБ;АТБ;-198,38;-6 059,81
742;86801455;Лютий 2026;22.02.2026 17:46:14;продукти;Приват Sid Унів;Ваш Лаваш;-128,00;-35 094,54
743;79868395;Лютий 2026;22.02.2026 14:36:39;продукти;Приват Sid Унів;Магазин  Вiкторiя;-60,00;-34 966,54
744;77577341;Лютий 2026;22.02.2026 13:51:22;житло та побут;Приват Sid Унів;EVA;-148,40;-34 906,54
745;51960441;Лютий 2026;22.02.2026 11:39:56;громадський транспорт;Приват Sid Унів;Е-квиток Леокарт;-60,00;-34 758,14
746;76924410;Лютий 2026;22.02.2026 10:21:25;переказ на чужий рахунок;Приват Olenka Виплати;На картку;-605,00;151,49
747;83793242;Лютий 2026;22.02.2026 09:41:00;ресторани та розваги;А-Банк Sid АТБ;Ekspres67, SHEPETOVKA;-145,00;-5 861,43
748;18696532;Лютий 2026;21.02.2026 14:16:27;продукти;Приват Sid Унів;PRODUKTY, 23/A.GEROYIV NEBES SOTNI AVE;-846,64;-34 698,14
749;30103279;Лютий 2026;21.02.2026 10:16:00;продукти;А-Банк Sid АТБ;MAHAZYN PRODUKTY, TRAULYN;-60,00;-5 716,43
750;70469368;Лютий 2026;21.02.2026 07:54:00;витрати на авто;А-Банк Sid АТБ;AZS 0139, SHEPETIVKA;-145,00;-5 656,43
751;16705244;Лютий 2026;20.02.2026 20:35:00;продукти;А-Банк Sid АТБ;АТБ;-2 128,50;-5 511,43
752;48114076;Лютий 2026;20.02.2026 20:07:47;зняття готівки;Приват Sid Виплати;Зняття готівки в банкоматі;-1 000,00;2 781,11
753;98125724;Лютий 2026;20.02.2026 16:15:00;продукти;А-Банк Sid АТБ;АТБ;-160,31;-3 382,93
754;79241488;Лютий 2026;20.02.2026 10:19:56;зв'язок;Приват Sid Унів;Київстар;-120,00;-33 851,50
755;51161577;Лютий 2026;20.02.2026 07:32:00;витрати на авто;А-Банк Sid АТБ;AVTOMYIKA, SHEPETOVKA;-60,00;-3 222,62
756;55495336;Лютий 2026;19.02.2026 21:04:00;компослуги;А-Банк Sid Кешбек;За електроенергію;-3 900,00;0,71
757;62582806;Лютий 2026;19.02.2026 20:34:00;продукти;ПУМБ Sid;163.87 163.87 0.00 53552800****4805 Thrash SHEPETOVKA UAUA ;-163,87;-1 894,48
758;61964521;Лютий 2026;19.02.2026 20:22:00;продукти;А-Банк Sid АТБ;АТБ;-156,83;-3 162,62
759;03727773;Лютий 2026;19.02.2026 19:14:43;продукти;ПУМБ Sid;50.00 50.00 0.00 53552800****4805 SHOP YANA SHEPETIVKA UAUA ;-50,00;-1 730,61
760;92947738;Лютий 2026;19.02.2026 12:48:48;витрати на авто;Приват Sid Унів;Рівненська філія ПрАТ УПКС. Коментар: Strakhovyi platizh zhidno z Dohovorom strakhuvannia ER-236296299;-1 072,23;-33 731,50
761;32553408;Лютий 2026;19.02.2026 12:36:21;продукти;Приват Sid Унів;MARKET, 32.32.PYMONENKA ST AVE;-26,00;-32 659,27
762;59003069;Лютий 2026;19.02.2026 10:03:41;продукти;ПУМБ Sid;203.80 203.80 0.00 53552800****4805 THRASH Polonne UAUA ;-203,80;-1 680,61
763;19168092;Лютий 2026;19.02.2026 07:26:30;зв'язок;Приват Sid Унів;Київстар;-250,00;-32 633,27
764;69659585;Лютий 2026;18.02.2026 23:59:00;спорт;А-Банк Sid Спорт;Vovkulaky,lvov,ua;-1 200,00;300,00
765;46196590;Лютий 2026;18.02.2026 20:01:00;продукти;А-Банк Sid АТБ;АТБ;-86,39;-3 005,79
766;83287860;Лютий 2026;18.02.2026 17:11:06;продукти;Приват Sid Унів;АТБ;-159,47;-32 383,27
767;98957189;Лютий 2026;18.02.2026 15:55:00;продукти;А-Банк Sid АТБ;АТБ;-136,88;-2 919,40
768;58935122;Лютий 2026;18.02.2026 13:27:00;продукти;А-Банк Sid АТБ;АТБ;-172,10;-2 782,52
769;50634063;Лютий 2026;18.02.2026 13:17:50;продукти;Приват Sid Унів;МЯСНИЙ МАЙСТЕР;-423,37;-32 223,80
770;77574209;Лютий 2026;18.02.2026 12:47:06;поштові послуги;Приват Sid Унів;NovaPay;-80,00;-31 800,43
771;67135592;Лютий 2026;18.02.2026 12:33:18;продукти;Приват Sid Унів;MARKET, 32.32.PYMONENKA ST AVE;-55,00;-31 720,43
772;79935512;Лютий 2026;18.02.2026 10:21:52;продукти;Приват Sid Унів;MARKET, 32.32.PYMONENKA ST AVE;-26,00;-31 665,43
773;49567123;Лютий 2026;18.02.2026 10:12:00;продукти;А-Банк Sid АТБ;АТБ;-326,36;-2 610,42
774;65155954;Лютий 2026;17.02.2026 20:23:24;переказ з чужого рахунку;Приват Sid Унів;Ходаківський О.;260,00;-31 639,43
775;85440718;Лютий 2026;17.02.2026 19:42:49;продукти;ПУМБ Sid;318.97 318.97 0.00 53552800****4805 Thrash SHEPETOVKA UAUA ;-318,97;-1 476,81
776;87146586;Лютий 2026;17.02.2026 19:41:32;продукти;ПУМБ Sid;251.57 251.57 0.00 53552800****4805 Thrash SHEPETOVKA UAUA ;-251,57;-1 157,84
777;99591168;Лютий 2026;17.02.2026 18:18:00;продукти;А-Банк Sid АТБ;АТБ;-154,34;-2 284,06
778;52490693;Лютий 2026;17.02.2026 11:40:49;продукти;ПУМБ Sid;56.00 56.00 0.00 53552800****4805 THRASH Polonne UAUA ;-56,00;-906,27
779;15490681;Лютий 2026;17.02.2026 07:53:26;витрати на авто;ПУМБ Sid;188.00 188.00 0.00 53552800****4805 AZS 0139 SHEPETIVKA UAUA ;-188,00;-850,27
780;06096331;Лютий 2026;16.02.2026 22:03:00;зв'язок;Приват Olenka Виплати;+380995268799;-304,00;756,49
781;55430326;Лютий 2026;16.02.2026 19:15:00;продукти;А-Банк Sid АТБ;АТБ;-101,93;-2 129,72
782;39707542;Лютий 2026;16.02.2026 17:45:55;спорт;Приват Sid Унів;Vovkulaky;-27,00;-31 899,43
783;13694811;Лютий 2026;16.02.2026 14:54:25;громадський транспорт;Приват Sid Унів;Е-квиток Леокарт;-20,00;-31 872,43
784;88427477;Лютий 2026;16.02.2026 13:21:06;витрати на авто;Приват Sid Унів;AZS 0139, SHEPETIVKA;-999,75;-31 852,43
785;83350079;Лютий 2026;16.02.2026 12:52:57;ресторани та розваги;Приват Sid Унів;VAPE LAND SHOP, SHEPETIVKA;-340,00;-30 852,68
786;03130931;Лютий 2026;16.02.2026 12:47:00;продукти;А-Банк Sid АТБ;АТБ;-654,80;-2 027,79
787;02410363;Лютий 2026;15.02.2026 22:06:44;продукти;ПУМБ Sid;210.00 210.00 0.00 53552800****4805 MAGAZYN KAPITAN STAROKOST UAUA ;-210,00;-662,27
788;63884935;Лютий 2026;15.02.2026 14:19:31;поштові послуги;ПУМБ Sid;76.00 76.00 0.00 53552800****4805 NovaPay_PNFP24029 SHEPETIVKA UAUA ;-76,00;-452,27
789;87636111;Лютий 2026;15.02.2026 09:10:09;продукти;ПУМБ Sid;184.20 184.20 0.00 53552800****4805 Thrash SHEPETOVKA UAUA ;-184,20;-376,27
790;03356014;Лютий 2026;14.02.2026 14:43:12;одяг та взуття;Приват Sid Унів;Planeta Dzhins, Ukraine, area Khmelnytska, cit;-2 550,00;-30 512,68
791;55674691;Лютий 2026;14.02.2026 13:54:38;житло та побут;Приват Sid Унів;EVA;-1 049,90;-27 962,68
792;22702543;Лютий 2026;14.02.2026 13:54:00;продукти;А-Банк Sid АТБ;АТБ;-490,56;-1 372,99
793;58404625;Лютий 2026;14.02.2026 10:37:47;інші витрати;Приват Sid Унів;ГЕРЦ;-1 191,41;-26 912,78
794;93265419;Лютий 2026;14.02.2026 10:34:05;інші витрати;Приват Sid Унів;ГЕРЦ;-1 191,41;-25 721,37
795;21037889;Лютий 2026;13.02.2026 19:37:00;продукти;А-Банк Sid АТБ;АТБ;-597,29;-882,43
796;85687976;Лютий 2026;13.02.2026 17:48:30;продукти;Приват Sid Унів;АТБ;-88,50;-24 529,96
797;98548469;Лютий 2026;13.02.2026 17:38:13;продукти;Приват Sid Унів;KRAMNYTSIA SUSIDKA, TSVITOKHA;-107,00;-24 441,46
798;08365891;Лютий 2026;13.02.2026 15:46:42;переказ з власного рахунку;Приват Sid Унів;Сідорська О.;39 620,00;-24 334,46
799;33383089;Лютий 2026;13.02.2026 15:46:40;переказ на власний рахунок;Приват Olenka Виплати;Сідорський С.;-39 620,00;1 060,49
800;72104070;Лютий 2026;13.02.2026 15:43:40;компослуги;Приват Sid Унів;"Шепетівське РЕП, КП. Коментар: 11603834;Sidors'kyi Serhii Stanislavovych;Vyviz TPV;vul. Pavla Chubyns'koho, bud. 149, k";-35,00;-63 954,46
801;25060581;Лютий 2026;13.02.2026 15:43:40;компослуги;Приват Sid Унів;ПРАТ Шепетівкагаз. Коментар: Koldobs'ka Nadiia Vasylivna-Oplata za posluhy z rozpodilu pryrodn'oho hazu,o/r 14656,01;-206,55;-63 919,46
802;78128142;Лютий 2026;13.02.2026 15:43:40;компослуги;Приват Sid Унів;Нафтогаз. Коментар: Plata za spozhytyi haz vid Koldobs'ka Nadiia Vasylivna, o/r: 370006808, vul. Pavla Chubyn;-2 181,18;-63 712,91
803;30037757;Лютий 2026;13.02.2026 14:53:09;продукти;Приват Sid Унів;Roshen;-22,65;-61 531,73
804;53867771;Лютий 2026;13.02.2026 14:09:25;продукти;Приват Sid Унів;Близенько;-23,99;-61 509,08
805;22376727;Лютий 2026;13.02.2026 13:31:25;громадський транспорт;Приват Sid Унів;Е-квиток Леокарт;-20,00;-61 485,09
806;26901213;Лютий 2026;12.02.2026 20:43:26;техніка і цифрові товари;Приват Sid Унів;ПОКУПКА, Цифрові послуги;-50,00;-61 465,09
807;69153332;Лютий 2026;12.02.2026 15:43:31;продукти;Приват Sid Унів;094 VELMART 01;-3 314,07;-61 415,09
808;06514448;Лютий 2026;12.02.2026 15:23:00;продукти;А-Банк Sid АТБ;АТБ;-176,21;-285,14
809;82388434;Лютий 2026;12.02.2026 13:02:43;продукти;Приват Sid Унів;MARKET, 32.32.PYMONENKA ST AVE;-26,00;-58 101,02
810;38576178;Лютий 2026;12.02.2026 11:15:52;компослуги;Приват Sid Унів;WWW.IPAY.UA.TELECAP, Nizhnioyurkivska 45a;-102,56;-58 075,02
811;64211177;Лютий 2026;12.02.2026 10:53:28;витрати на авто;Приват Sid Унів;AZS N23-06, KAMENKA;-1 144,63;-57 972,46
812;46955365;Лютий 2026;12.02.2026 09:44:23;здоров'я та краса;Приват Sid Унів;Аптека 7;-34,93;-56 827,83
813;84818814;Лютий 2026;11.02.2026 20:37:18;продукти;Приват Sid Унів;Траш;-109,77;-56 792,90
814;76857062;Лютий 2026;11.02.2026 18:17:08;продукти;Приват Sid Унів;Сільпо;-39,99;-56 683,13
815;74878751;Лютий 2026;11.02.2026 17:25:46;ресторани та розваги;Приват Sid Унів;shaurma 1, area Rivnenska, c Rivne, st. V;-120,00;-56 643,14
816;41275834;Лютий 2026;11.02.2026 14:50:18;продукти;Приват Sid Унів;Грузинська випiчка;-65,00;-56 523,14
817;20547674;Лютий 2026;11.02.2026 14:26:50;продукти;Приват Sid Унів;АТБ;-127,60;-56 458,14
818;78457136;Лютий 2026;11.02.2026 13:49:39;продукти;Приват Sid Унів;Траш;-145,00;-56 330,54
819;02874259;Лютий 2026;11.02.2026 12:22:28;бонуси та кешбек;ПУМБ Sid кредит;77.00 77.00 0.00 Виплата винагороди бонус ПУМБ по акції Нагороди з ПУМБ в рамках Пакета послуг № 355908921 від 10/02/2026 ;77,00;77,00
820;61782966;Лютий 2026;11.02.2026 11:42:41;техніка і цифрові товари;Приват Sid Унів;Комп'ютерний всесвіт;-2 254,00;-56 185,54
821;27586839;Лютий 2026;11.02.2026 11:36:31;продукти;Приват Sid Унів;MARKET, 32.32.PYMONENKA ST AVE;-26,00;-53 931,54
822;84761522;Лютий 2026;10.02.2026 15:30:45;продукти;Приват Sid Унів;АТБ;-111,00;-53 905,54
823;17420104;Лютий 2026;10.02.2026 14:01:16;ресторани та розваги;Приват Sid Унів;McDonald’s;-194,00;-53 794,54
824;55576276;Лютий 2026;10.02.2026 12:54:06;громадський транспорт;Приват Sid Унів;Укрзалізниця;-341,62;-53 600,54
825;36765315;Лютий 2026;10.02.2026 12:52:55;громадський транспорт;Приват Sid Унів;Укрзалізниця;-341,62;-53 258,92
826;81167337;Лютий 2026;10.02.2026 11:36:02;продукти;Приват Sid Унів;MARKET, 32.32.PYMONENKA ST AVE;-26,00;-52 917,30
827;13426066;Лютий 2026;10.02.2026 10:24:39;зарплата і виплати;Приват Olenka Виплати;Зарплата, ВIЙСЬКОВА ЧАСТИНА А 5068. Коментар: Hroshove zabezpechennia;24 952,89;40 680,49
828;22184746;Лютий 2026;10.02.2026 08:42:00;продукти;А-Банк Sid АТБ;АТБ;-246,15;-108,93
829;13521611;Лютий 2026;09.02.2026 21:19:35;ресторани та розваги;Приват Sid Унів;McDonald’s;-218,00;-52 891,30
830;74614675;Лютий 2026;09.02.2026 20:21:04;продукти;Приват Sid Унів;Траш;-116,98;-52 673,30
831;45451008;Лютий 2026;09.02.2026 20:16:28;продукти;Приват Sid Унів;Траш;-145,00;-52 556,32
832;88586416;Лютий 2026;09.02.2026 15:53:05;переказ на власний рахунок;Приват Sid Виплати;На картку;-10 000,00;3 781,11
833;20311257;Лютий 2026;09.02.2026 15:53:05;інші витрати;Приват Sid Виплати;На картку;-50,00;3 781,11
834;71021866;Лютий 2026;09.02.2026 15:53:00;переказ з власного рахунку;А-Банк Sid АТБ;ПриватБанк;10 000,00;137,22
835;60676310;Лютий 2026;09.02.2026 15:49:30;переказ з власного рахунку;ПУМБ Sid;3050.00 3050.00 0.00 53552800****4805 PRIVAT KYIV UA ;3 050,00;-192,07
836;75350310;Лютий 2026;09.02.2026 15:49:29;інші витрати;Приват Sid Виплати;На картку;-15,25;13 831,11
837;60427947;Лютий 2026;09.02.2026 15:49:29;переказ на власний рахунок;Приват Sid Виплати;На картку;-3 050,00;13 831,11
838;45762099;Лютий 2026;09.02.2026 15:43:37;переказ на чужий рахунок;Monobank Sid Чорна;Ганна З.;-15 000,00;109,00
839;62402781;Лютий 2026;09.02.2026 15:16:08;переказ з власного рахунку;Monobank Sid Чорна;Від: Sidorskyi Serhii;8 000,00;15 109,00
840;88487535;Лютий 2026;09.02.2026 15:16:07;переказ на власний рахунок;Приват Sid Виплати;На картку;-8 000,00;16 896,36
841;41041356;Лютий 2026;09.02.2026 15:16:07;інші витрати;Приват Sid Виплати;На картку;-40,00;16 896,36
842;98182576;Лютий 2026;09.02.2026 14:55:59;зарплата і виплати;Приват Sid Виплати;Соціальні виплати;3 675,98;24 936,36
843;92378664;Лютий 2026;09.02.2026 14:11:55;продукти;Приват Sid Унів;АТБ;-102,40;-52 411,32
844;10233948;Лютий 2026;09.02.2026 12:43:39;продукти;Приват Sid Унів;MARKET, 32.32.PYMONENKA ST AVE;-26,00;-52 308,92
845;25300689;Лютий 2026;09.02.2026 08:13:34;переказ на чужий рахунок;Приват Sid Виплати;На картку;-160,00;21 260,38
846;32103853;Лютий 2026;08.02.2026 18:38:35;громадський транспорт;Приват Sid Унів;Е-квиток Леокарт;-40,00;-52 282,92
847;08161180;Лютий 2026;08.02.2026 17:59:09;житло та побут;Приват Sid Унів;Е-ТАКЕ;-24,00;-52 242,92
848;76024276;Лютий 2026;08.02.2026 17:29:33;продукти;Приват Sid Унів;Сільпо;-283,99;-52 218,92
849;64588140;Лютий 2026;08.02.2026 17:24:05;техніка і цифрові товари;Приват Sid Унів;ВIВАТ КАНЦЕЛЯРIЯ;-50,00;-51 934,93
850;38500410;Лютий 2026;08.02.2026 17:18:53;ресторани та розваги;Приват Sid Унів;Будинок Іграшок;-479,00;-51 884,93
851;47162128;Лютий 2026;08.02.2026 13:25:03;продукти;Приват Sid Унів;Сім23;-100,00;-51 405,93
852;41464304;Лютий 2026;08.02.2026 13:18:27;одяг та взуття;Приват Sid Унів;sinsay;-704,00;-51 305,93
853;53422559;Лютий 2026;07.02.2026 21:01:25;продукти;Приват Sid Унів;Гастроном Вiд i До;-86,00;-50 601,93
854;58205596;Лютий 2026;07.02.2026 12:32:44;продукти;Приват Sid Унів;Подiльський Фермер;-273,04;-50 515,93
855;14319361;Лютий 2026;07.02.2026 10:39:37;зарплата і виплати;Приват Sid Виплати;Зарплата, ХЗВВСП. Коментар: Zarobitna plata-zarobitna plata;21 141,77;21 420,38
856;63904314;Лютий 2026;06.02.2026 20:18:33;продукти;Приват Sid Унів;АТБ;-250,70;-50 242,89
857;34904556;Лютий 2026;06.02.2026 20:13:18;продукти;Приват Sid Унів;SHOP DOBROBUT, 2A.ZAVODSKA ST;-142,30;-49 992,19
858;64130654;Лютий 2026;06.02.2026 18:51:25;продукти;Приват Sid Унів;"Супермаркет ""Тайстра""";-90,20;-49 849,89
859;52700270;Лютий 2026;06.02.2026 18:48:30;поштові послуги;Приват Sid Унів;NovaPay;-506,98;-49 759,69
860;25278783;Лютий 2026;06.02.2026 18:28:19;продукти;Приват Sid Унів;MAGAZYN SMAK, 138.SONYACHNA ST;-23,00;-49 252,71
861;08486413;Лютий 2026;06.02.2026 16:11:05;переказ з чужого рахунку;Monobank Sid Чорна;Від: Sidorska Viktoriia;7 000,00;7 109,00
862;40088277;Лютий 2026;06.02.2026 15:23:28;громадський транспорт;Приват Sid Унів;Е-квиток Леокарт;-20,00;-49 229,71
863;15712813;Лютий 2026;06.02.2026 15:16:49;продукти;Приват Sid Унів;SHOP DOBROBUT, 2A.ZAVODSKA ST;-96,10;-49 209,71
864;07935895;Лютий 2026;06.02.2026 13:40:23;ресторани та розваги;Приват Sid Унів;Aroma Kava;-136,00;-49 113,61
865;71385205;Лютий 2026;05.02.2026 19:51:57;продукти;Приват Sid Унів;АТБ;-117,60;-48 977,61
866;13575710;Лютий 2026;05.02.2026 19:11:58;ресторани та розваги;Приват Sid Унів;DK SHEVCHENKA 8, 8.SHEVCHENKA ST;-270,00;-48 860,01
867;54735269;Лютий 2026;05.02.2026 18:36:35;продукти;Приват Sid Унів;Сімі;-374,00;-48 590,01
868;78865762;Лютий 2026;05.02.2026 18:22:39;поштові послуги;Приват Sid Унів;NovaPay;-410,00;-48 216,01
869;02284526;Лютий 2026;05.02.2026 16:14:55;продукти;Приват Sid Унів;МЯСНИЙ МАЙСТЕР;-323,89;-47 806,01
870;17831182;Лютий 2026;05.02.2026 15:28:42;продукти;Приват Sid Унів;АТБ;-429,41;-47 482,12
871;85382250;Лютий 2026;05.02.2026 15:16:35;житло та побут;Приват Sid Унів;EVA;-307,87;-47 052,71
872;07564192;Лютий 2026;04.02.2026 19:28:34;продукти;Приват Sid Унів;АТБ;-276,10;-46 744,84
873;54868455;Лютий 2026;04.02.2026 15:55:40;продукти;Приват Sid Унів;АТБ;-87,60;-46 468,74
874;41422686;Лютий 2026;04.02.2026 15:46:50;продукти;Приват Sid Унів;Metro;-216,41;-46 381,14
875;26823710;Лютий 2026;04.02.2026 12:56:32;зв'язок;ПУМБ Sid;200.00 200.00 0.00 Поповнення мобільного зв'язку Київстар 380673091904 (#PH 282327984) Оплата;-200,00;-3 242,07
876;10882873;Лютий 2026;03.02.2026 17:48:52;продукти;Приват Sid Унів;NAPOI TA TIUTIUN, LVIV;-90,00;-46 164,73
877;21014307;Лютий 2026;03.02.2026 16:36:59;продукти;Приват Sid Унів;АТБ;-184,70;-46 074,73
878;03001073;Лютий 2026;03.02.2026 14:40:00;продукти;Приват Sid Унів;МАГАЗИН МАК;-75,00;-45 890,03
879;48331293;Лютий 2026;03.02.2026 12:17:39;компослуги;Приват Sid Унів;WWW.IPAY.UA.TELECAP, Nizhnioyurkivska 45a;-102,56;-45 815,03
880;97316001;Лютий 2026;02.02.2026 19:42:41;переказ на чужий рахунок;Monobank Sid Чорна;Тетяна С.;-8 000,00;109,00
881;40491678;Лютий 2026;02.02.2026 16:52:15;продукти;Приват Sid Унів;АТБ;-107,35;-45 712,47
882;99669295;Лютий 2026;02.02.2026 16:11:14;продукти;Приват Sid Унів;Metro;-179,90;-45 605,12
883;44251457;Лютий 2026;02.02.2026 15:57:15;продукти;Приват Sid Унів;АТБ;-113,80;-45 425,22
884;72359703;Лютий 2026;02.02.2026 14:42:36;продукти;Приват Sid Унів;АТБ;-425,92;-45 311,42
885;50303174;Лютий 2026;01.02.2026 19:34:32;продукти;Приват Sid Унів;NAPOI TA TIUTIUN, LVIV;-190,00;-44 885,50
886;03260346;Лютий 2026;01.02.2026 19:33:25;продукти;Приват Sid Унів;NAPOI TA TIUTIUN, LVIV;-205,00;-44 695,50
887;98378260;Лютий 2026;01.02.2026 18:58:36;ресторани та розваги;Приват Sid Унів;KhinkalnyaForum, Lviv;-964,00;-44 490,50
888;95799578;Лютий 2026;01.02.2026 16:37:09;ресторани та розваги;Приват Sid Унів;ANCHOUSNA VID CHORNOMO, MISTO LVIV;-914,00;-43 526,50
889;59035599;Лютий 2026;01.02.2026 16:36:39;ресторани та розваги;Приват Sid Унів;ANCHOUSNA VID CHORNOMO, LVIV;-748,00;-42 612,50
890;72357404;Лютий 2026;01.02.2026 15:38:35;зв'язок;Приват Olenka Виплати;+380504350968;-244,00;15 727,60
891;83147566;Лютий 2026;01.02.2026 15:25:53;ресторани та розваги;Приват Sid Унів;Kavaler, Lviv;-240,00;-41 864,50
892;72084752;Лютий 2026;01.02.2026 14:47:22;громадський транспорт;Приват Sid Унів;Е-квиток Леокарт;-40,00;-41 624,50
893;52600410;Січень 2026;31.01.2026 20:15:08;продукти;Приват Sid Унів;АТБ;-225,00;-41 584,50
894;81067352;Січень 2026;31.01.2026 20:05:46;громадський транспорт;Приват Sid Унів;Е-квиток Леокарт;-40,00;-41 359,50
895;71481162;Січень 2026;31.01.2026 19:18:45;ресторани та розваги;Приват Sid Унів;DEVIANT, LVIV;-160,00;-41 319,50
896;92966784;Січень 2026;31.01.2026 18:38:02;ресторани та розваги;Приват Sid Унів;Pyana Vyishnya, area Lvivska, c Lviv, st. Pidv;-168,00;-41 159,50
897;20336657;Січень 2026;31.01.2026 18:30:30;ресторани та розваги;Приват Sid Унів;RebernyapidArsenalom, Lviv;-1 039,00;-40 991,50
898;46257223;Січень 2026;31.01.2026 17:24:33;ресторани та розваги;Приват Sid Унів;Pyana Vyishnya, area Lvivska, c Lviv, st. Pidv;-336,00;-39 952,50
899;22945644;Січень 2026;31.01.2026 00:38:42;зв'язок;Приват Sid Унів;Київстар;-225,00;-39 616,50
900;82843022;Січень 2026;30.01.2026 18:53:31;продукти;Приват Sid Унів;АТБ;-120,50;-39 391,50
901;71946280;Січень 2026;30.01.2026 18:42:20;продукти;Приват Sid Унів;Грузинська випiчка;-65,00;-39 271,00
902;11010682;Січень 2026;30.01.2026 12:34:11;продукти;Приват Sid Унів;АТБ;-840,92;-39 206,00
903;63353212;Січень 2026;29.01.2026 18:14:07;продукти;ПУМБ Sid;525.00 525.00 0.00 53552800****4805 NAPOI TA TIUTIUN LVIV UAUA ;-525,00;-3 042,07
904;69004853;Січень 2026;29.01.2026 17:54:16;продукти;Приват Sid Унів;АТБ;-172,10;-38 365,08
905;55725790;Січень 2026;29.01.2026 16:10:54;громадський транспорт;Приват Sid Унів;Е-квиток Леокарт;-40,00;-38 192,98
906;86900017;Січень 2026;29.01.2026 09:51:41;здоров'я та краса;Приват Sid Унів;WFP.MEDICALSERVICES, 105K.GAGARYNA AVE.;-1 989,00;-38 152,98
907;74541605;Січень 2026;28.01.2026 19:35:22;техніка і цифрові товари;Приват Sid Унів;ПОКУПКА, Цифрові послуги;-50,00;-36 163,98
908;00112686;Січень 2026;28.01.2026 19:13:21;продукти;Приват Sid Унів;АТБ;-200,00;-36 113,98
909;49223218;Січень 2026;28.01.2026 18:57:11;продукти;Приват Sid Унів;Грузинська випiчка;-67,00;-35 913,98
910;07523640;Січень 2026;28.01.2026 14:17:36;витрати на авто;Приват Sid Унів;AZS 0139, 172 A  VALI KOTYKA STR.;-999,93;-35 846,98
911;49096576;Січень 2026;28.01.2026 14:11:19;продукти;Приват Sid Унів;АТБ;-707,90;-34 847,05
912;74840617;Січень 2026;28.01.2026 13:57:28;здоров'я та краса;Приват Sid Унів;Аптека Оптових Цiн;-509,50;-34 139,15
913;40861690;Січень 2026;28.01.2026 13:52:37;здоров'я та краса;Приват Sid Унів;АПТЕКА 3  ШЕПЕТIВКА;-653,84;-33 629,65
914;63157265;Січень 2026;28.01.2026 13:46:22;здоров'я та краса;Приват Sid Унів;Аптека 7;-586,53;-32 975,81
915;52342208;Січень 2026;28.01.2026 13:06:34;техніка і цифрові товари;Приват Sid Унів;Фотохатка;-13,00;-32 389,28
916;89826581;Січень 2026;27.01.2026 18:13:34;продукти;Приват Sid Унів;АТБ;-168,20;-32 376,28
917;62097465;Січень 2026;27.01.2026 16:21:40;ресторани та розваги;Приват Sid Унів;TzOV Ekspres-Gril, pl.Iaroslava Mudrogo 5;-280,00;-32 208,08
918;73385536;Січень 2026;27.01.2026 15:57:59;продукти;ПУМБ Sid;57.00 57.00 0.00 53552800****4805 NAPOI TA TIUTIUN LVIV UAUA ;-57,00;-2 517,07
919;87326442;Січень 2026;27.01.2026 15:51:59;продукти;ПУМБ Sid;690.10 690.10 0.00 53552800****4805 SHOP ATB PR1494 LVIV UAUA ;-690,10;-2 460,07
920;78429576;Січень 2026;27.01.2026 15:31:33;громадський транспорт;Приват Sid Унів;Е-квиток Леокарт;-60,00;-31 928,08
921;11510652;Січень 2026;27.01.2026 15:25:47;продукти;Приват Sid Унів;KORETSKI KOVBASY RYBA, SHEPETIVKA;-144,83;-31 868,08
922;03835308;Січень 2026;27.01.2026 15:23:02;здоров'я та краса;Приват Sid Унів;ПОДОРОЖНИК АПТЕКА;-57,90;-31 723,25
923;89961459;Січень 2026;27.01.2026 13:02:21;техніка і цифрові товари;ПУМБ Sid;15.41 665.71 0.00 53552800****4805 Temu.com Dublin IEIE ;-665,71;-1 769,97
924;28052316;Січень 2026;26.01.2026 19:27:27;продукти;Приват Sid Унів;АТБ;-190,20;-31 665,35
925;84989700;Січень 2026;26.01.2026 16:41:42;техніка і цифрові товари;Приват Sid Унів;Аврора;-17,00;-31 475,15
926;73362713;Січень 2026;26.01.2026 09:33:43;продукти;Приват Sid Унів;АТБ;-237,80;-31 458,15
927;42408929;Січень 2026;26.01.2026 08:46:56;витрати на авто;Приват Sid Унів;WOG;-1 000,33;-31 220,35
928;76676073;Січень 2026;25.01.2026 17:21:30;техніка і цифрові товари;Приват Sid Унів;Аврора;-7,00;-30 220,02
929;26149282;Січень 2026;25.01.2026 15:51:00;продукти;А-Банк Sid АТБ;АТБ;-199,13;-9 862,78
930;93409254;Січень 2026;24.01.2026 12:58:00;продукти;А-Банк Sid АТБ;АТБ;-231,60;-9 663,65
931;83732879;Січень 2026;23.01.2026 19:01:00;продукти;А-Банк Sid АТБ;АТБ;-56,06;-9 432,05
932;73052505;Січень 2026;23.01.2026 15:48:54;ресторани та розваги;Приват Sid Унів;Osama;-597,00;-30 213,02
933;47559148;Січень 2026;23.01.2026 15:39:05;продукти;Приват Sid Унів;АТБ;-1 417,72;-29 616,02
934;53199197;Січень 2026;23.01.2026 15:19:58;житло та побут;Приват Sid Унів;EVA;-297,98;-28 198,30
935;73764849;Січень 2026;23.01.2026 13:23:45;громадський транспорт;ПУМБ Sid;341.62 341.62 0.00 53552800****4805 uz gov ua mobile payme KYIV UAUA ;-341,62;-1 104,26
936;22410947;Січень 2026;22.01.2026 18:15:00;продукти;А-Банк Sid АТБ;АТБ;-375,80;-9 375,99
937;64608220;Січень 2026;22.01.2026 17:33:00;продукти;А-Банк Sid АТБ;АТБ;-157,60;-9 000,19
938;63118139;Січень 2026;22.01.2026 09:31:35;переказ з власного рахунку;ПУМБ Sid;811.00 811.00 0.00 53552800****4805 PRIVAT KYIV UA ;811,00;-762,64
939;00653854;Січень 2026;22.01.2026 09:31:34;переказ на власний рахунок;Приват Olenka Виплати;На картку;-811,00;15 971,60
940;15669015;Січень 2026;22.01.2026 09:31:34;інші витрати;Приват Olenka Виплати;На картку;-5,00;15 971,60
941;56644686;Січень 2026;21.01.2026 23:59:00;бонуси та кешбек;А-Банк Sid Спорт;Abnk;1 500,00;1 500,00
942;83609365;Січень 2026;21.01.2026 20:29:55;зв'язок;Приват Olenka Виплати;+380995268799;-304,00;16 787,60
943;52265183;Січень 2026;21.01.2026 19:05:00;ресторани та розваги;А-Банк Sid АТБ;NaMangalKebabHouse, LVOV;-225,00;-8 842,59
944;80589644;Січень 2026;21.01.2026 19:01:00;здоров'я та краса;А-Банк Sid АТБ;LvivLeontovycha1, LVOV;-183,00;-8 617,59
945;36079602;Січень 2026;21.01.2026 18:57:00;продукти;А-Банк Sid АТБ;#3103, LVOV;-18,00;-8 434,59
946;64607731;Січень 2026;21.01.2026 18:49:00;техніка і цифрові товари;А-Банк Sid АТБ;Аврора;-115,00;-8 416,59
947;60202777;Січень 2026;21.01.2026 18:10:00;продукти;А-Банк Sid АТБ;Напої та тютюн;-235,00;-8 301,59
948;21202474;Січень 2026;21.01.2026 17:14:00;продукти;А-Банк Sid АТБ;АТБ;-198,86;-8 066,59
949;58790820;Січень 2026;21.01.2026 14:28:00;продукти;А-Банк Sid АТБ;АТБ;-823,17;-7 867,73
950;98630553;Січень 2026;21.01.2026 13:27:08;переказ на чужий рахунок;Приват Sid Виплати;На картку;-20,00;278,61
951;87655353;Січень 2026;20.01.2026 18:06:00;продукти;А-Банк Sid АТБ;АТБ;-214,95;-7 044,56
952;41392187;Січень 2026;20.01.2026 15:48:16;зв'язок;ПУМБ Olenka;200.00 200.00 0.00 53552800****0950 PRTMN *KYIVSTAR T KYIV UAUA ;-200,00;-200,00
953;48043726;Січень 2026;20.01.2026 15:46:10;компослуги;Приват Sid Унів;WWW.IPAY.UA.*telecom1, NIZHNEJURKIVSKA 45A;-358,97;-27 900,32
954;35116994;Січень 2026;20.01.2026 13:45:43;продукти;Приват Sid Унів;minimarket Mary, area Khmelnytska, c Slavuta, s;-1 156,50;-27 541,35
955;71507006;Січень 2026;20.01.2026 11:15:02;громадський транспорт;Приват Sid Унів;VOKZAL ST.RIVNE, RIVNE;-40,00;-26 384,85
956;20275105;Січень 2026;19.01.2026 18:15:00;продукти;А-Банк Sid АТБ;АТБ;-117,89;-6 829,61
957;63738031;Січень 2026;19.01.2026 17:54:00;продукти;А-Банк Sid АТБ;Напої та тютюн;-523,00;-6 711,72
958;57444440;Січень 2026;19.01.2026 16:40:38;громадський транспорт;Приват Sid Унів;Е-квиток Леокарт;-80,00;-26 344,85
959;98126976;Січень 2026;19.01.2026 13:30:50;ресторани та розваги;Приват Sid Унів;Aroma Kava;-129,00;-26 264,85
960;28887059;Січень 2026;19.01.2026 12:03:49;ресторани та розваги;Приват Sid Унів;XPZ*khinkalniaforum, Lviv;-768,00;-26 135,85
961;70161581;Січень 2026;19.01.2026 11:14:37;ресторани та розваги;Приват Sid Унів;"""Кава Мiлiтарi""";-130,00;-25 367,85
962;55221900;Січень 2026;18.01.2026 19:12:22;продукти;Приват Sid Унів;Сільпо;-417,97;-25 237,85
963;08506517;Січень 2026;18.01.2026 18:59:00;продукти;А-Банк Sid АТБ;АТБ;-134,39;-6 188,72
964;48648895;Січень 2026;18.01.2026 17:30:51;ресторани та розваги;Приват Sid Унів;ChebureK;-990,00;-24 819,88
965;25795584;Січень 2026;18.01.2026 16:16:41;ресторани та розваги;Приват Sid Унів;LVIVSKA MAISTERNIA SHO, VUL.SERBSKA  BUD.3 POVERKH 2;-169,00;-23 829,88
966;31320288;Січень 2026;18.01.2026 15:57:15;ресторани та розваги;Приват Sid Унів;PYANA VYSHNYA-1, 11.11.RYNOK AVE AVE;-1 003,00;-23 660,88
967;37739278;Січень 2026;18.01.2026 14:48:08;громадський транспорт;Приват Sid Унів;Е-квиток Леокарт;-40,00;-22 657,88
968;02930440;Січень 2026;17.01.2026 22:17:15;ресторани та розваги;Приват Sid Унів;РАФ Кебаб;-200,00;-22 617,88
969;20194686;Січень 2026;17.01.2026 22:16:53;ресторани та розваги;Приват Sid Унів;РАФ Кебаб;-200,00;-22 417,88
970;57213104;Січень 2026;17.01.2026 20:14:21;житло та побут;Приват Sid Унів;Brazzers;-120,00;-22 217,88
971;87531717;Січень 2026;17.01.2026 20:12:44;житло та побут;Приват Sid Унів;Brazzers;-400,00;-22 097,88
972;91101112;Січень 2026;17.01.2026 19:45:26;техніка і цифрові товари;Приват Sid Унів;Rozetka;-236,00;-21 697,88
973;48779765;Січень 2026;17.01.2026 19:42:00;продукти;А-Банк Sid АТБ;АТБ;-35,90;-6 054,33
974;46673423;Січень 2026;17.01.2026 19:20:45;продукти;Приват Sid Унів;Напої та тютюн;-167,98;-21 461,88
975;14360863;Січень 2026;17.01.2026 18:53:55;здоров'я та краса;Приват Sid Унів;APTEKA RECIPE, 42  KULISHA STR.;-930,00;-21 293,90
976;47877295;Січень 2026;17.01.2026 18:47:44;продукти;Приват Sid Унів;Сільпо;-7,99;-20 363,90
977;11168399;Січень 2026;17.01.2026 18:46:54;продукти;Приват Sid Унів;Сільпо;-423,21;-20 355,91
978;52404668;Січень 2026;17.01.2026 18:22:38;ресторани та розваги;Приват Sid Унів;Сушия;-1 497,00;-19 932,70
979;56416103;Січень 2026;17.01.2026 17:16:12;одяг та взуття;Приват Sid Унів;BERSHKA FORUM LVIV, 7.7B.PID DUBOM ST. AVE;-15,00;-18 435,70
980;18507579;Січень 2026;17.01.2026 17:15:53;одяг та взуття;Приват Sid Унів;BERSHKA FORUM LVIV, 7.7B.PID DUBOM ST. AVE;-1 548,00;-18 420,70
981;97127774;Січень 2026;17.01.2026 15:13:48;громадський транспорт;Приват Sid Унів;Е-квиток Леокарт;-60,00;-16 872,70
982;86960576;Січень 2026;17.01.2026 12:09:23;продукти;Приват Sid Унів;minimarket Mary, area Khmelnytska, c Slavuta, s;-300,00;-16 812,70
983;69966409;Січень 2026;16.01.2026 19:33:00;продукти;А-Банк Sid АТБ;АТБ;-131,00;-6 018,43
984;85935334;Січень 2026;15.01.2026 19:46:00;продукти;А-Банк Sid АТБ;АТБ;-151,10;-5 887,43
985;72361542;Січень 2026;15.01.2026 16:37:00;продукти;А-Банк Sid АТБ;АТБ;-575,80;-5 736,33
986;65516363;Січень 2026;14.01.2026 23:59:59;інші надходження;Приват Olenka Виплати;ПОВЕРНЕННЯ КОШТІВ, Пасажирські залізничні перевезення;329,93;17 091,60
987;55204720;Січень 2026;14.01.2026 18:07:49;ресторани та розваги;Приват Sid Унів;McDonald’s;-188,00;-16 512,70
988;78609099;Січень 2026;14.01.2026 15:08:17;продукти;Приват Sid Унів;Арсен;-84,90;-16 324,70
989;47013694;Січень 2026;14.01.2026 14:49:42;ресторани та розваги;Приват Sid Унів;"пекарня ""Каказька випiчка""";-82,00;-16 239,80
990;53011019;Січень 2026;14.01.2026 14:07:00;продукти;А-Банк Sid АТБ;АТБ;-698,56;-5 160,53
991;23134888;Січень 2026;14.01.2026 13:39:39;громадський транспорт;Приват Sid Унів;Е-квиток Леокарт;-40,00;-16 157,80
992;72089393;Січень 2026;14.01.2026 13:27:31;витрати на авто;Приват Sid Унів;AZS 0139, 172 A  VALI KOTYKA STR.;-1 000,27;-16 117,80
993;85239588;Січень 2026;14.01.2026 13:17:51;поштові послуги;Приват Sid Унів;NovaPay;-102,00;-15 117,53
994;07656099;Січень 2026;13.01.2026 18:33:00;продукти;А-Банк Sid АТБ;SIMI, LVIV;-51,00;-4 461,97
995;70644586;Січень 2026;13.01.2026 18:24:00;техніка і цифрові товари;А-Банк Sid АТБ;Аврора;-122,00;-4 410,97
996;82722401;Січень 2026;13.01.2026 18:07:00;продукти;А-Банк Sid АТБ;#3103, LVOV;-84,00;-4 288,97
997;27057704;Січень 2026;13.01.2026 17:27:57;переказ з власного рахунку;Приват Sid Унів;Сідорська О.;7 500,00;-15 015,53
998;44775160;Січень 2026;13.01.2026 17:27:56;переказ на власний рахунок;Приват Olenka Виплати;Сідорський С.;-7 500,00;16 761,67
999;20748744;Січень 2026;13.01.2026 14:52:00;продукти;А-Банк Sid АТБ;АТБ;-179,11;-4 204,97
1000;54728773;Січень 2026;13.01.2026 10:23:21;зарплата і виплати;Приват Olenka Виплати;Зарплата, ВIЙСЬКОВА ЧАСТИНА А 5068. Коментар: Zarobitna plata;19 478,59;24 261,67
1001;08017837;Січень 2026;13.01.2026 07:28:00;зв'язок;А-Банк Sid АТБ;Поповнення +380673091904;-100,00;-4 025,86
1002;65921577;Січень 2026;12.01.2026 20:26:00;продукти;А-Банк Sid АТБ;АТБ;-94,49;-3 925,86
1003;35839375;Січень 2026;12.01.2026 19:06:52;спорт;Приват Sid Унів;VOVKULAKY, 166.166.PASICHNA ST AVE;-1 200,00;-22 515,53
1004;62968286;Січень 2026;12.01.2026 13:51:00;продукти;А-Банк Sid АТБ;АТБ;-203,86;-3 831,37
1005;39851812;Січень 2026;11.01.2026 21:05:30;ресторани та розваги;Приват Olenka Унів;TOV ENTIRZHI NE, ID платежу: 2784872931;-1 274,40;7 629,91
1006;62382561;Січень 2026;11.01.2026 20:10:00;продукти;А-Банк Sid АТБ;АТБ;-191,04;-3 627,51
1007;76242343;Січень 2026;11.01.2026 16:25:02;громадський транспорт;Приват Sid Унів;Е-квиток Леокарт;-40,00;-21 315,53
1008;46385688;Січень 2026;11.01.2026 15:55:56;продукти;Приват Sid Унів;NAPOI TA TIUTIUN, LVIV;-785,00;-21 275,53
1009;39879197;Січень 2026;11.01.2026 14:31:00;продукти;А-Банк Sid АТБ;АТБ;-570,80;-3 436,47
1010;82016977;Січень 2026;11.01.2026 14:25:45;ресторани та розваги;Приват Sid Унів;ДОНЕР КЕБАБ;-210,00;-20 490,53
1011;14968422;Січень 2026;11.01.2026 14:15:34;продукти;Приват Sid Унів;Мясний Маркет;-871,92;-20 280,53
1012;96542019;Січень 2026;11.01.2026 13:38:53;ресторани та розваги;Приват Sid Унів;ДОНЕР КЕБАБ;-514,00;-19 408,61
1013;65062696;Січень 2026;11.01.2026 13:10:53;ресторани та розваги;Приват Sid Унів;SHE COFFEE, 18.18.18.SHEVCHENKA AV AVE;-130,00;-18 894,61
1014;90265857;Січень 2026;10.01.2026 16:59:00;продукти;А-Банк Sid АТБ;АТБ;-216,66;-2 865,67
1015;39783913;Січень 2026;09.01.2026 20:47:57;переказ на чужий рахунок;Приват Sid Виплати;Кошай С.;-376,88;298,61
1016;57512590;Січень 2026;09.01.2026 20:41:39;компослуги;Приват Sid Унів;ХМЕЛЬНИЦЬКЕНЕРГОЗБУТ,ТОВ (електропостачання). Коментар: Sidors'kyi Serhii Stanislavovych - Elektropostachannia (Enerhozbut), o/r 11700000303337,;-660,96;-16 241,27
1017;89596190;Січень 2026;09.01.2026 20:41:39;компослуги;Приват Sid Унів;ПРАТ Шепетівкагаз. Коментар: Koldobs'ka Nadiia Vasylivna-Oplata za posluhy z rozpodilu pryrodn'oho hazu,o/r 14656,01;-206,55;-15 580,31
1018;34303049;Січень 2026;09.01.2026 20:41:39;компослуги;Приват Sid Унів;Нафтогаз. Коментар: Plata za spozhytyi haz vid Koldobs'ka Nadiia Vasylivna, o/r: 370006808, vul. Pavla Chubyn;-2 523,34;-18 764,61
1019;88819700;Січень 2026;09.01.2026 20:41:38;компослуги;Приват Sid Унів;"Шепетівське РЕП, КП. Коментар: 11603834;Sidors'kyi Serhii Stanislavovych;Vyviz TPV;vul. Pavla Chubyns'koho, bud. 149, k";-35,00;-15 373,76
1020;41218502;Січень 2026;09.01.2026 20:40:48;громадський транспорт;Приват Olenka Виплати;Укрзалізниця;-361,31;4 783,08
1021;12618886;Січень 2026;09.01.2026 20:33:22;переказ з власного рахунку;Приват Sid Унів;Зі своєї картки *0707;24 000,00;-15 338,76
1022;96691918;Січень 2026;09.01.2026 20:33:21;переказ на власний рахунок;Приват Sid Виплати;На свою картку *4169;-24 000,00;675,49
1023;32671849;Січень 2026;09.01.2026 20:32:26;громадський транспорт;Приват Olenka Виплати;Укрзалізниця;-389,93;5 144,39
1024;11688601;Січень 2026;09.01.2026 20:30:21;громадський транспорт;Приват Olenka Виплати;Укрзалізниця;-389,93;5 534,32
1025;74582516;Січень 2026;09.01.2026 16:47:29;зарплата і виплати;Приват Sid Виплати;Зарплата, ХЗВВСП. Коментар: Zarobitna plata-zarobitna plata;16 422,50;24 675,49
1026;46514347;Січень 2026;09.01.2026 13:16:00;продукти;А-Банк Sid АТБ;АТБ;-48,90;-2 649,01
1027;57470198;Січень 2026;09.01.2026 13:13:00;продукти;А-Банк Sid АТБ;АТБ;-168,00;-2 600,11
1028;71359917;Січень 2026;08.01.2026 16:45:03;громадський транспорт;Приват Sid Унів;Е-квиток Леокарт;-20,00;-39 338,76
1029;56311280;Січень 2026;08.01.2026 12:35:10;ресторани та розваги;Приват Sid Унів;"пекарня ""Каказька випiчка""";-77,00;-39 318,76
1030;14208461;Січень 2026;08.01.2026 11:07:08;продукти;Приват Sid Унів;MARKET, 32.32.PYMONENKA ST AVE;-57,00;-39 241,76
1031;61433509;Січень 2026;07.01.2026 22:05:01;громадський транспорт;Приват Sid Унів;Е-квиток Леокарт;-20,00;-39 184,76
1032;61246793;Січень 2026;07.01.2026 18:22:43;продукти;Приват Sid Унів;MAHAZYN 1494, LVIV;-589,00;-39 164,76
1033;91525495;Січень 2026;07.01.2026 17:22:56;переказ з чужого рахунку;Monobank Sid Чорна;Від: Sidorska Viktoriia;8 000,00;8 109,00
1034;84580927;Січень 2026;07.01.2026 14:23:00;продукти;А-Банк Sid АТБ;АТБ;-725,88;-2 432,11
1035;19495352;Січень 2026;07.01.2026 14:00:57;поштові послуги;Приват Sid Унів;NovaPay;-80,00;-38 575,76
1036;25228460;Січень 2026;06.01.2026 16:03:00;продукти;А-Банк Sid АТБ;АТБ;-52,40;-1 706,23
1037;69076905;Січень 2026;06.01.2026 15:49:19;здоров'я та краса;Приват Sid Унів;Makeup;-659,00;-38 495,76
1038;36748484;Січень 2026;06.01.2026 15:40:40;здоров'я та краса;Приват Sid Унів;Men's Hall;-700,00;-37 836,76
1039;13993833;Січень 2026;06.01.2026 11:34:49;переказ на чужий рахунок;Приват Olenka Унів;Колоскова Л.;-502,51;8 904,31
1040;34383980;Січень 2026;06.01.2026 11:32:36;житло та побут;Приват Olenka Унів;EVA;-947,20;9 406,82
1041;49040586;Січень 2026;05.01.2026 19:21:20;зарплата і виплати;Приват Sid Виплати;Соціальні виплати;3 675,98;8 252,99
1042;43725239;Січень 2026;05.01.2026 18:33:00;продукти;А-Банк Sid АТБ;АТБ;-197,10;-1 653,83
1043;19242259;Січень 2026;05.01.2026 09:58:30;продукти;Приват Sid Унів;SIM23 #3216, LVIV;-78,00;-37 136,76
1044;47103818;Січень 2026;04.01.2026 18:09:00;продукти;А-Банк Sid АТБ;АТБ;-82,60;-1 456,73
1045;43089645;Січень 2026;04.01.2026 16:28:08;компослуги;Приват Sid Унів;WWW.IPAY.UA.TELECAP, Nizhnioyurkivska 45a;-102,56;-37 058,76
1046;11787851;Січень 2026;04.01.2026 15:53:57;громадський транспорт;Приват Sid Унів;Uklon;-249,00;-36 956,20
1047;63944032;Січень 2026;04.01.2026 14:48:29;одяг та взуття;Приват Sid Унів;sinsay;-59,00;-36 707,20
1048;94857931;Січень 2026;04.01.2026 14:27:14;ресторани та розваги;Приват Sid Унів;Чудо острів;-299,00;-36 648,20
1049;38185685;Січень 2026;04.01.2026 14:09:08;ресторани та розваги;Приват Sid Унів;PIZZA PASTA, LVIV;-65,00;-36 349,20
1050;21528458;Січень 2026;04.01.2026 14:02:27;продукти;Приват Sid Унів;094 VELMART 01;-911,41;-36 284,20
1051;31749215;Січень 2026;04.01.2026 13:42:25;продукти;Приват Sid Унів;NAPOI TA TIUTIUN, LVIV;-130,00;-35 372,79
1052;51677691;Січень 2026;04.01.2026 10:49:05;здоров'я та краса;Приват Sid Унів;АВК ФАРМ;-894,34;-35 242,79
1053;87349192;Січень 2026;04.01.2026 10:44:43;ресторани та розваги;Приват Sid Унів;BISTRO DEPO, LVIV;-160,00;-34 348,45
1054;50446183;Січень 2026;03.01.2026 17:42:09;продукти;Приват Sid Унів;Магазин;-1 028,00;-34 188,45
1055;25143489;Січень 2026;03.01.2026 17:23:30;поштові послуги;Приват Sid Унів;NovaPay;-410,00;-33 160,45
1056;73223119;Січень 2026;03.01.2026 14:37:35;поштові послуги;Приват Sid Унів;NovaPay;-90,00;-32 750,45
1057;43457882;Січень 2026;03.01.2026 11:32:52;переказ з чужого рахунку;Приват Sid Унів;Кошай С.;380,00;-32 660,45
1058;49844713;Січень 2026;03.01.2026 10:00:58;ресторани та розваги;Приват Sid Унів;У Петрiвни буфет;-60,00;-33 040,45
1059;63231434;Січень 2026;03.01.2026 08:49:40;продукти;Приват Sid Унів;Щодня;-21,50;-32 980,45
1060;13797972;Січень 2026;02.01.2026 20:38:50;переказ з чужого рахунку;Приват Olenka Унів;PAYSEND, 20 Garrick Street;10 354,02;10 354,02
1061;87331971;Січень 2026;02.01.2026 13:05:12;поштові послуги;Приват Sid Унів;NovaPay;-88,75;-32 958,95
1062;11568366;Січень 2026;02.01.2026 13:00:12;техніка і цифрові товари;Приват Sid Унів;Аврора;-128,00;-32 870,20
1063;62038484;Січень 2026;02.01.2026 12:54:00;продукти;А-Банк Sid АТБ;АТБ;-1 197,18;-1 374,13
1064;51845708;Січень 2026;02.01.2026 12:37:21;продукти;Приват Sid Унів;Rybka tvoey _01, area Khmelnytska, c Shepetivka;-108,32;-32 742,20
1065;80113548;Січень 2026;02.01.2026 12:35:08;продукти;Приват Sid Унів;FOP RUSTAMOV AKHMED, SHEPETIVKA;-214,13;-32 633,88
1066;80332875;Січень 2026;02.01.2026 12:26:52;здоров'я та краса;Приват Sid Унів;Аптека 37 Конекс;-267,84;-32 419,75
1067;73049444;Січень 2026;02.01.2026 08:53:53;громадський транспорт;ПУМБ Sid;762.92 762.92 0.00 53552800****4805 uz gov ua mobile payme KYIV UAUA ;-762,92;-1 573,64
1068;86327002;Січень 2026;02.01.2026 07:30:20;продукти;Приват Sid Унів;Магазин  Вiкторiя;-330,00;-32 151,91
1069;94546202;Січень 2026;01.01.2026 16:30:04;переказ на чужий рахунок;Monobank Sid Чорна;516874****8277;-4 900,00;109,00
1070;88925434;Січень 2026;01.01.2026 16:25:18;переказ на чужий рахунок;Monobank Sid Чорна;414949****0112;-1 991,00;5 009,00
1071;40566108;Січень 2026;01.01.2026 14:57:00;продукти;А-Банк Sid АТБ;АТБ;-681,78;-176,95
1072;00165867;Січень 2026;01.01.2026 14:51:36;поповнення готівкою;Monobank Sid Чорна;City24;7 000,00;7 000,00
1073;18493438;Січень 2026;01.01.2026 14:49:00;поповнення готівкою;А-Банк Sid АТБ;City24;10 000,00;504,83
1074;31716090;Січень 2026;01.01.2026 02:20:40;витрати на авто;Приват Sid Унів;АВТОМИЙКА;-50,00;-31 821,91
1075;35197778;Грудень 2025;31.12.2025 17:40:10;ресторани та розваги;Приват Sid Унів;Кафе ДРОВА GRILL;-180,00;-31 771,91
1076;41246259;Грудень 2025;31.12.2025 11:23:40;переказ на чужий рахунок;Приват Sid Виплати;Харчук І.;-100,50;4 577,01
1077;16121138;Грудень 2025;31.12.2025 10:56:15;ресторани та розваги;Приват Sid Унів;Кавярня  Стаканчик;-134,00;-31 591,91
1078;60117979;Грудень 2025;31.12.2025 10:23:19;витрати на авто;Приват Sid Унів;AZS N23-06, KAMENKA;-155,00;-31 457,91
1079;79227129;Грудень 2025;30.12.2025 15:34:25;продукти;Приват Sid Унів;KORETSKI KOVBASY RYBA, SHEPETIVKA;-207,05;-31 302,91
1080;52408788;Грудень 2025;30.12.2025 15:28:13;продукти;Приват Sid Унів;АТБ;-1 993,26;-31 095,86
1081;62420168;Грудень 2025;30.12.2025 15:07:37;витрати на авто;Приват Sid Унів;АВТОМИЙКА;-50,00;-29 102,60
1082;85358844;Грудень 2025;30.12.2025 15:04:17;витрати на авто;Приват Sid Унів;АВТОМИЙКА;-50,00;-29 052,60
1083;81726082;Грудень 2025;30.12.2025 15:00:17;витрати на авто;Приват Sid Унів;АВТОМИЙКА;-70,00;-29 002,60
1084;21846279;Грудень 2025;30.12.2025 14:54:59;витрати на авто;Приват Sid Унів;АВТОМИЙКА;-50,00;-28 932,60
1085;90436127;Грудень 2025;30.12.2025 09:45:09;компослуги;Приват Sid Унів;WWW.IPAY.UA.*telecom1, NIZHNEJURKIVSKA 45A;-256,41;-28 882,60
1086;25791782;Грудень 2025;29.12.2025 19:21:02;ресторани та розваги;Приват Sid Унів;Сiмейна пiцерiя Дров;-50,00;-28 626,19
1087;84199663;Грудень 2025;29.12.2025 19:11:52;ресторани та розваги;Приват Sid Унів;Сiмейна пiцерiя Дров;-130,00;-28 576,19
1088;94128144;Грудень 2025;29.12.2025 16:49:08;переказ з чужого рахунку;Приват Sid Унів;Ходаківський О.;500,00;-28 446,19
1089;47814545;Грудень 2025;29.12.2025 15:30:57;продукти;Приват Sid Унів;"Супермаркет ""Тайстра""";-48,35;-28 946,19
1090;39789861;Грудень 2025;29.12.2025 15:30:35;продукти;Приват Sid Унів;"Супермаркет ""Тайстра""";-408,59;-28 897,84
1091;79026820;Грудень 2025;29.12.2025 13:47:53;продукти;Приват Sid Унів;АТБ;-546,22;-28 489,25
1092;60950261;Грудень 2025;29.12.2025 10:16:20;ресторани та розваги;Приват Sid Унів;Кавярня  Стаканчик;-97,00;-27 943,03
1093;35595512;Грудень 2025;29.12.2025 07:43:20;витрати на авто;Приват Sid Унів;AZS N23-06, KAMENKA;-155,00;-27 846,03
1094;41861964;Грудень 2025;28.12.2025 15:10:00;продукти;А-Банк Sid АТБ;АТБ;-301,40;-9 495,17
1095;11828269;Грудень 2025;28.12.2025 13:56:12;витрати на авто;Приват Sid Унів;AZS 2 - SHOP, 6 VARSHAVSKA STR.;-1 999,90;-27 691,03
1096;68414130;Грудень 2025;27.12.2025 22:26:00;бонуси та кешбек;А-Банк Sid Кешбек;Зарахування «Національний Кешбек»;567,45;3 900,71
1097;45395557;Грудень 2025;27.12.2025 12:24:49;продукти;Приват Sid Унів;Диканька;-769,60;-25 691,13
1098;74424559;Грудень 2025;27.12.2025 12:23:41;переказ на чужий рахунок;Приват Sid Виплати;Харчук І.;-201,01;4 677,51
1099;16733349;Грудень 2025;26.12.2025 14:15:16;поштові послуги;Приват Sid Унів;NovaPay;-80,00;-24 921,53
1100;05476494;Грудень 2025;26.12.2025 12:47:13;продукти;Приват Sid Унів;Траш;-271,96;-24 841,53
1101;54164434;Грудень 2025;26.12.2025 12:31:48;зарплата і виплати;Приват Olenka Виплати;Зарплата, ВIЙСЬКОВА ЧАСТИНА А 5068. Коментар: Zarobitna plata;5 605,53;5 924,25
1102;23498752;Грудень 2025;26.12.2025 10:08:38;продукти;Приват Sid Унів;FORA 239, STARKON;-150,50;-24 569,57
1103;17121866;Грудень 2025;26.12.2025 09:27:29;зв'язок;Приват Sid Унів;Київстар;-178,00;-24 419,07
1104;95932862;Грудень 2025;25.12.2025 23:59:00;інші витрати;А-Банк Sid Спорт;Abnk;-24,99;0,00
1105;97053712;Грудень 2025;25.12.2025 10:31:31;зарплата і виплати;Приват Sid Виплати;Зарплата, ХЗВВСП. Коментар: Zarobitna plata-zarobitna plata;4 850,50;4 878,52
1106;56076203;Грудень 2025;24.12.2025 23:59:00;спорт;А-Банк Sid Спорт;Biont.com.ua fop,kyiv,ua;-1 475,01;24,99
1107;99009353;Грудень 2025;24.12.2025 14:05:21;продукти;Приват Sid Унів;МЯСНИЙ МАЙСТЕР;-306,25;-24 241,07
1108;86823085;Грудень 2025;24.12.2025 13:36:01;продукти;Приват Sid Унів;KORETSKI KOVBASY RYBA, SHEPETIVKA;-289,00;-23 934,82
1109;83202571;Грудень 2025;24.12.2025 13:33:00;продукти;А-Банк Sid АТБ;АТБ;-499,97;-9 193,77
1110;50200178;Грудень 2025;24.12.2025 13:19:51;здоров'я та краса;Приват Sid Унів;Дружба;-115,00;-23 645,82
1111;77902179;Грудень 2025;23.12.2025 14:38:31;витрати на авто;Приват Sid Унів;AZS 0139, 172 A  VALI KOTYKA STR.;-999,89;-23 530,82
1112;44027628;Грудень 2025;23.12.2025 14:26:00;продукти;А-Банк Sid АТБ;АТБ;-1 337,02;-8 693,80
1113;45937172;Грудень 2025;23.12.2025 13:07:42;ресторани та розваги;Приват Sid Унів;Кавярня  Стаканчик;-68,00;-22 530,93
1114;84807387;Грудень 2025;22.12.2025 16:33:34;продукти;Приват Sid Унів;KRAMNYTSYA SUSIDKA, TSVITOKHA;-160,00;-22 462,93
1115;00598918;Грудень 2025;22.12.2025 15:02:27;громадський транспорт;Приват Sid Унів;Е-квиток Леокарт;-40,00;-22 302,93
1116;73340863;Грудень 2025;22.12.2025 13:37:00;продукти;А-Банк Sid АТБ;АТБ;-152,00;-7 356,78
1117;35294544;Грудень 2025;22.12.2025 13:31:56;продукти;Приват Sid Унів;Мясний Маркет;-291,31;-22 262,93
1118;22508709;Грудень 2025;22.12.2025 13:27:24;житло та побут;Приват Sid Унів;EVA;-640,98;-21 971,62
1119;32690147;Грудень 2025;22.12.2025 13:24:00;зв'язок;А-Банк Sid АТБ;Поповнення +380673091904;-150,00;-7 204,78
1120;37571513;Грудень 2025;22.12.2025 11:56:19;ресторани та розваги;Приват Sid Унів;KAFETERIY, 3/15.3/15.GEROIV KRUT ST AVE;-245,00;-21 330,64
1121;29139098;Грудень 2025;22.12.2025 09:30:49;витрати на авто;Приват Sid Унів;AZS 2, STAROKOSTIANT;-170,00;-21 085,64
1122;27256448;Грудень 2025;21.12.2025 20:15:00;зв'язок;А-Банк Sid АТБ;Поповнення +380995268799;-260,00;-7 054,78
1123;46236422;Грудень 2025;21.12.2025 19:46:00;продукти;А-Банк Sid АТБ;АТБ;-85,40;-6 794,78
1124;54095236;Грудень 2025;21.12.2025 17:22:00;продукти;А-Банк Sid АТБ;АТБ;-79,86;-6 709,38
1125;03966347;Грудень 2025;21.12.2025 16:33:00;продукти;А-Банк Sid АТБ;АТБ;-66,00;-6 629,52
1126;67572615;Грудень 2025;21.12.2025 16:29:00;продукти;А-Банк Sid АТБ;АТБ;-470,33;-6 563,52
1127;53682748;Грудень 2025;21.12.2025 16:14:35;продукти;Приват Sid Унів;KORETSKI KOVBASY RYBA, SHEPETIVKA;-122,26;-20 915,64
1128;18459846;Грудень 2025;21.12.2025 16:12:28;продукти;Приват Sid Унів;KORETSKI KOVBASY RYBA, SHEPETIVKA;-234,33;-20 793,38
1129;49558088;Грудень 2025;21.12.2025 09:55:22;переказ з власного рахунку;ПУМБ Sid;714.00 714.00 0.00 53552800****4805 A2C PUMB ONLINE MOB KYIV UA ;714,00;-810,72
1130;73094582;Грудень 2025;21.12.2025 09:55:22;переказ на власний рахунок;ПУМБ Olenka;714.00 714.00 0.00 ACCOUNT 26209122872688. TO CARD*4805 ;-714,00;0,00
1131;48832745;Грудень 2025;20.12.2025 21:40:00;продукти;А-Банк Sid АТБ;АТБ;-130,08;-6 093,19
1132;39353491;Грудень 2025;20.12.2025 15:20:00;продукти;А-Банк Sid АТБ;АТБ;-110,08;-5 963,11
1133;88343617;Грудень 2025;20.12.2025 13:39:39;витрати на авто;Приват Sid Унів;AZS 0139, 172 A  VALI KOTYKA STR.;-1 000,27;-20 559,05
1134;31151553;Грудень 2025;20.12.2025 13:26:04;житло та побут;Приват Sid Унів;МАГАЗИН АЛЬФА ПЛЮС;-135,00;-19 558,78
1135;33839377;Грудень 2025;20.12.2025 11:55:00;продукти;А-Банк Sid АТБ;АТБ;-788,55;-5 853,03
1136;65754556;Грудень 2025;20.12.2025 11:30:06;одяг та взуття;Приват Sid Унів;sinsay;-218,00;-19 423,78
1137;28991039;Грудень 2025;20.12.2025 11:21:37;переказ з власного рахунку;Приват Sid Унів;Сідорська О.;2 000,00;-19 205,78
1138;76691486;Грудень 2025;20.12.2025 11:21:36;переказ на власний рахунок;Приват Olenka Унів;Сідорський С.;-2 000,00;0,00
1139;85850150;Грудень 2025;20.12.2025 11:21:14;переказ з власного рахунку;Приват Sid Унів;Сідорська О.;9 000,00;-21 205,78
1140;26592838;Грудень 2025;20.12.2025 11:21:13;переказ на власний рахунок;Приват Olenka Виплати;Сідорський С.;-9 000,00;318,72
1141;72799998;Грудень 2025;20.12.2025 11:00:11;зарплата і виплати;Приват Olenka Виплати;Зарплата, ВIЙСЬКОВА ЧАСТИНА А 5068. Коментар: Zarobitna plata;8 865,00;9 318,72
1142;29757993;Грудень 2025;20.12.2025 10:56:53;одяг та взуття;Приват Sid Унів;MAGAZYN VZUTTYA, 44.MYRU AVE;-2 900,00;-30 205,78
1143;12359230;Грудень 2025;20.12.2025 10:56:10;переказ з власного рахунку;Приват Sid Унів;Зі своєї картки *0707;6 900,00;-27 305,78
1144;30831729;Грудень 2025;20.12.2025 10:56:09;переказ на власний рахунок;Приват Sid Виплати;На свою картку *4169;-6 900,00;28,02
1145;11490668;Грудень 2025;20.12.2025 10:54:42;переказ з власного рахунку;Приват Sid Унів;Сідорська О.;15 000,00;-34 205,78
1146;41994368;Грудень 2025;20.12.2025 10:54:41;переказ на власний рахунок;Приват Olenka Виплати;Сідорський С.;-15 000,00;453,72
1147;72005329;Грудень 2025;19.12.2025 21:30:00;продукти;А-Банк Sid АТБ;АТБ;-151,16;-5 064,48
1148;20161392;Грудень 2025;19.12.2025 19:22:00;продукти;А-Банк Sid АТБ;АТБ;-173,08;-4 913,32
1149;17904318;Грудень 2025;19.12.2025 14:23:54;продукти;Приват Sid Унів;MARKET, 32.32.PYMONENKA ST AVE;-47,00;-49 205,78
1150;68286658;Грудень 2025;19.12.2025 13:47:42;продукти;Приват Sid Унів;MARKET, 32.32.PYMONENKA ST AVE;-26,00;-49 158,78
1151;89836175;Грудень 2025;19.12.2025 12:59:00;продукти;А-Банк Sid АТБ;АТБ;-300,22;-4 740,24
1152;24652044;Грудень 2025;19.12.2025 12:14:33;одяг та взуття;Приват Sid Унів;sinsay;-653,00;-49 132,78
1153;14663523;Грудень 2025;19.12.2025 11:17:33;продукти;Приват Sid Унів;KORETSKI KOVBASY RYBA, SHEPETIVKA;-354,21;-48 479,78
1154;46071045;Грудень 2025;19.12.2025 11:14:45;продукти;Приват Sid Унів;KORETSKI KOVBASY RYBA, SHEPETIVKA;-329,69;-48 125,57
1155;26002812;Грудень 2025;19.12.2025 10:06:39;продукти;Приват Sid Унів;Магазин Кошик;-86,00;-47 795,88
1156;48732773;Грудень 2025;19.12.2025 09:26:25;продукти;Приват Sid Унів;Точка;-64,00;-47 709,88
1157;92513516;Грудень 2025;18.12.2025 19:41:21;громадський транспорт;Приват Sid Унів;Укрзалізниця;-78,15;-47 645,88
1158;05320468;Грудень 2025;18.12.2025 19:24:49;поповнення готівкою;Приват Sid Унів;"Термінал самообслуговування: М ШЕПЕТІВКА, ВУЛ. КАРЛА МАРКСА, БУД. 33, Торговий центр ""Дружба""";15 500,00;-47 567,73
1159;20860892;Грудень 2025;18.12.2025 19:17:00;продукти;А-Банк Sid АТБ;АТБ;-2 212,56;-4 440,02
1160;54806308;Грудень 2025;18.12.2025 16:07:00;продукти;А-Банк Sid АТБ;АТБ;-87,18;-2 227,46
1161;34204875;Грудень 2025;18.12.2025 15:12:35;компослуги;Приват Sid Унів;Нафтогаз. Коментар: Plata za spozhytyi haz vid Koldobs'ka Nadiia Vasylivna, o/r: 370006808, vul. Pavla Chubyn;-1 823,13;-63 032,73
1162;13543026;Грудень 2025;18.12.2025 15:12:35;компослуги;Приват Sid Унів;"Шепетівське РЕП, КП. Коментар: 11603834;Sidors'kyi Serhii Stanislavovych;Vyviz TPV;vul. Pavla Chubyns'koho, bud. 149, k";-35,00;-63 067,73
1163;23638125;Грудень 2025;18.12.2025 15:12:34;компослуги;Приват Sid Унів;ПРАТ Шепетівкагаз. Коментар: Koldobs'ka Nadiia Vasylivna-Oplata za posluhy z rozpodilu pryrodn'oho hazu,o/r 14656,01;-170,59;-61 209,60
1164;50671212;Грудень 2025;18.12.2025 15:11:00;компослуги;А-Банк Sid Кешбек;За електроенергію;-660,96;3 333,26
1165;35096341;Грудень 2025;18.12.2025 14:24:13;продукти;Приват Sid Унів;Сільпо;-22,99;-61 039,01
1166;80876346;Грудень 2025;18.12.2025 13:07:49;продукти;Приват Sid Унів;MARKET, 32.32.PYMONENKA ST AVE;-52,00;-61 016,02
1167;58175945;Грудень 2025;18.12.2025 12:13:40;техніка і цифрові товари;Приват Sid Унів;Фотохатка;-130,00;-60 964,02
1168;81852772;Грудень 2025;17.12.2025 15:42:00;продукти;А-Банк Sid АТБ;АТБ;-99,26;-2 140,28
1169;75797615;Грудень 2025;17.12.2025 13:39:40;продукти;Приват Sid Унів;KRAMNYTSYA SUSIDKA, TSVITOKHA;-155,00;-60 834,02
1170;18642194;Грудень 2025;17.12.2025 12:18:45;продукти;Приват Sid Унів;Траш;-460,20;-60 679,02
1171;26526878;Грудень 2025;17.12.2025 11:35:19;продукти;Приват Sid Унів;MARKET, 32.32.PYMONENKA ST AVE;-50,00;-60 218,82
1172;11470623;Грудень 2025;17.12.2025 10:42:43;продукти;Приват Sid Унів;MARKET, 32.32.PYMONENKA ST AVE;-26,00;-60 168,82
1173;56712976;Грудень 2025;17.12.2025 10:27:21;техніка і цифрові товари;Приват Sid Унів;Фотохатка;-182,00;-60 142,82
1174;32632628;Грудень 2025;17.12.2025 10:05:11;зв'язок;Приват Sid Унів;Київстар;-235,00;-59 960,82
1175;45110824;Грудень 2025;16.12.2025 20:22:00;продукти;А-Банк Sid АТБ;АТБ;-65,18;-2 041,02
1176;87409038;Грудень 2025;16.12.2025 13:23:55;продукти;Приват Sid Унів;MARKET, 32.32.PYMONENKA ST AVE;-50,00;-59 725,82
1177;92925314;Грудень 2025;15.12.2025 21:30:00;продукти;А-Банк Sid АТБ;АТБ;-75,01;-1 975,84
1178;84907314;Грудень 2025;15.12.2025 16:57:23;ресторани та розваги;Приват Sid Унів;DONER KEBAB GER NEB SO, 28V.GER NEBESN SOTNI ST;-220,00;-59 675,82
1179;93627342;Грудень 2025;15.12.2025 16:41:35;поштові послуги;Приват Sid Унів;NovaPay;-83,70;-59 455,82
1180;17304369;Грудень 2025;15.12.2025 16:19:00;продукти;А-Банк Sid АТБ;АТБ;-91,34;-1 900,83
1181;49089265;Грудень 2025;15.12.2025 13:18:25;техніка і цифрові товари;Приват Sid Унів;Фотохатка;-156,00;-59 372,12
1182;57017010;Грудень 2025;14.12.2025 20:10:00;продукти;А-Банк Sid АТБ;АТБ;-170,40;-1 809,49
1183;33838154;Грудень 2025;14.12.2025 17:00:00;продукти;А-Банк Sid АТБ;АТБ;-151,78;-1 639,09
1184;60374095;Грудень 2025;14.12.2025 16:24:00;продукти;А-Банк Sid АТБ;АТБ;-129,06;-1 487,31
1185;32502415;Грудень 2025;14.12.2025 15:17:19;продукти;Приват Sid Унів;Produktoviy _17, area Khmelnytska, c Shepetivka;-260,00;-59 216,12
1186;74836231;Грудень 2025;14.12.2025 12:37:49;компослуги;Приват Sid Унів;WWW.IPAY.UA.TELECAP, Nizhnioyurkivska 45a;-102,56;-58 956,12
1187;15015081;Грудень 2025;14.12.2025 09:34:01;зв'язок;Приват Sid Унів;Vodafone;-235,00;-58 853,56
1188;71451025;Грудень 2025;14.12.2025 09:11:08;продукти;Приват Sid Унів;Точка;-126,00;-58 618,56
1189;90946576;Грудень 2025;13.12.2025 19:55:57;продукти;Приват Sid Унів;АТБ;-83,00;-58 492,56
1190;51210962;Грудень 2025;13.12.2025 18:10:00;продукти;А-Банк Sid АТБ;АТБ;-173,88;-1 358,25
1191;23681479;Грудень 2025;13.12.2025 13:35:03;продукти;Приват Sid Унів;MAHAZYN 857, STUFCHYNTSI;-78,80;-58 409,56
1192;28441694;Грудень 2025;13.12.2025 13:30:21;ресторани та розваги;Приват Sid Унів;KAVYARNYA TSENTRALNA, 56.GEROYIV NEB. SOTNI ST;-30,00;-58 330,76
1193;46671493;Грудень 2025;13.12.2025 11:10:47;продукти;Приват Sid Унів;МЯСНИЙ МАЙСТЕР;-479,56;-58 300,76
1194;43068900;Грудень 2025;13.12.2025 11:07:37;продукти;Приват Sid Унів;Грузинська випiчка;-180,00;-57 821,20
1195;91695307;Грудень 2025;13.12.2025 10:28:46;продукти;Приват Sid Унів;Траш;-888,21;-57 641,20
1196;13110535;Грудень 2025;13.12.2025 10:10:06;переказ на чужий рахунок;Приват Sid Виплати;Харчук І.;-201,01;6 928,02
1197;04268652;Грудень 2025;13.12.2025 10:00:25;техніка і цифрові товари;Приват Sid Унів;Аврора;-291,00;-56 752,99
1198;40217477;Грудень 2025;13.12.2025 09:48:10;житло та побут;Приват Sid Унів;EVA;-213,00;-56 461,99
1199;50027629;Грудень 2025;13.12.2025 09:30:33;продукти;Приват Sid Унів;МАГАЗИН;-401,50;-56 248,99
1200;14657393;Грудень 2025;12.12.2025 22:17:00;продукти;А-Банк Sid АТБ;АТБ;-46,25;-1 184,37
1201;00863977;Грудень 2025;12.12.2025 16:55:00;продукти;А-Банк Sid АТБ;АТБ;-148,59;-1 138,12
1202;16892697;Грудень 2025;12.12.2025 15:22:21;зарплата і виплати;Приват Sid Виплати;Соціальні виплати;3 675,98;7 129,03
1203;18837090;Грудень 2025;12.12.2025 15:14:40;продукти;Приват Sid Унів;MARKET, 32.32.PYMONENKA ST AVE;-61,00;-55 847,49
1204;12210526;Грудень 2025;11.12.2025 19:41:00;поповнення готівкою;А-Банк Sid АТБ;City24;9 000,00;-989,53
1205;84671658;Грудень 2025;11.12.2025 19:28:01;переказ з чужого рахунку;Приват Sid Унів;Iryna Levchuk;200,00;-55 786,49
1206;83080969;Грудень 2025;11.12.2025 18:31:35;переказ на чужий рахунок;Приват Olenka Унів;Скарбничка;-392,00;2 000,00
1207;61911066;Грудень 2025;11.12.2025 17:48:26;продукти;Приват Sid Унів;АТБ;-133,50;-55 986,49
1208;77683877;Грудень 2025;11.12.2025 14:02:15;продукти;Приват Sid Унів;MARKET, 32.32.PYMONENKA ST AVE;-55,00;-55 852,99
1209;00185339;Грудень 2025;11.12.2025 13:03:44;продукти;Приват Sid Унів;MAHAZYN 857, STUFCHYNTSI;-145,00;-55 797,99
1210;04410392;Грудень 2025;11.12.2025 13:00:05;продукти;Приват Sid Унів;MAHAZYN 857, STUFCHYNTSI;-66,20;-55 652,99
1211;65962692;Грудень 2025;10.12.2025 21:29:09;продукти;Приват Sid Унів;GWater;-38,00;-55 586,79
1212;63081246;Грудень 2025;10.12.2025 21:13:44;продукти;Приват Sid Унів;АТБ;-126,50;-55 548,79
1213;83460595;Грудень 2025;10.12.2025 16:34:50;продукти;Приват Sid Унів;Магазин  Срiбний;-147,30;-55 422,29
1214;23423409;Грудень 2025;10.12.2025 15:59:00;продукти;А-Банк Sid АТБ;АТБ;-137,31;-9 989,53
1215;77614620;Грудень 2025;10.12.2025 15:23:56;ресторани та розваги;Приват Sid Унів;кiоск;-35,00;-55 274,99
1216;54712557;Грудень 2025;10.12.2025 14:31:45;витрати на авто;Приват Sid Унів;AZS 2, STAROKOSTIANT;-40,00;-55 239,99
1217;27302231;Грудень 2025;10.12.2025 12:20:57;продукти;Приват Sid Унів;MARKET, 32.32.PYMONENKA ST AVE;-78,00;-55 199,99
1218;09485118;Грудень 2025;10.12.2025 10:58:26;зняття готівки;Приват Olenka Виплати;Зняття готівки в банкоматі;-2 500,00;15 453,72
1219;09485118;Грудень 2025;10.12.2025 10:58:26;інші витрати;Приват Olenka Виплати;Зняття готівки в банкоматі;-7 500,00;15 453,72
1220;29550160;Грудень 2025;10.12.2025 10:57:16;зняття готівки;Приват Sid Виплати;Зняття готівки в банкоматі;-20 000,00;3 453,05
1221;38808257;Грудень 2025;10.12.2025 10:32:56;поштові послуги;Приват Sid Унів;NovaPay;-135,00;-55 121,99
1222;80382988;Грудень 2025;09.12.2025 16:14:42;продукти;Приват Sid Унів;Магазин  Срiбний;-227,80;-54 986,99
1223;30203203;Грудень 2025;09.12.2025 15:58:40;продукти;Приват Sid Унів;Produktoviy _17, area Khmelnytska, c Shepetivka;-573,00;-54 759,19
1224;14303138;Грудень 2025;09.12.2025 13:59:59;продукти;Приват Sid Унів;MARKET, 32.32.PYMONENKA ST AVE;-50,00;-54 186,19
1225;82359703;Грудень 2025;08.12.2025 20:42:00;продукти;А-Банк Sid АТБ;АТБ;-128,15;-9 852,22
1226;12807598;Грудень 2025;08.12.2025 16:31:00;продукти;А-Банк Sid АТБ;АТБ;-59,38;-9 724,07
1227;66254490;Грудень 2025;08.12.2025 07:36:16;витрати на авто;Приват Sid Унів;AZS N23-06, KAMENKA;-86,90;-54 136,19
1228;00511694;Грудень 2025;07.12.2025 18:43:34;продукти;Приват Sid Унів;АТБ;-183,39;-54 049,29
1229;81077741;Грудень 2025;07.12.2025 17:33:00;продукти;А-Банк Sid АТБ;АТБ;-92,44;-9 664,69
1230;33096375;Грудень 2025;07.12.2025 14:18:48;переказ на чужий рахунок;Приват Olenka Виплати;Горун О.;-150,00;25 453,72
1231;90523964;Грудень 2025;06.12.2025 17:15:47;продукти;Приват Sid Унів;Магазин  Срiбний;-500,23;-53 865,90
1232;66937856;Грудень 2025;06.12.2025 17:06:00;продукти;А-Банк Sid АТБ;АТБ;-116,12;-9 572,25
1233;53544695;Грудень 2025;06.12.2025 15:31:58;зв'язок;Приват Sid Унів;Київстар;-188,00;-53 365,67
1234;87286502;Грудень 2025;06.12.2025 15:06:53;продукти;Приват Sid Унів;Магазин;-140,00;-53 177,67
1235;10807735;Грудень 2025;06.12.2025 11:33:35;зарплата і виплати;Приват Olenka Виплати;Зарплата, ВIЙСЬКОВА ЧАСТИНА А 5068. Коментар: Zarobitna plata;24 971,17;25 603,72
1236;10456884;Грудень 2025;06.12.2025 10:13:20;зарплата і виплати;Приват Sid Виплати;Зарплата, ХЗВВСП. Коментар: Zarobitna plata-zarobitna plata;21 273,01;23 453,05
1237;95175425;Грудень 2025;05.12.2025 19:44:00;продукти;А-Банк Sid АТБ;АТБ;-81,50;-9 456,13
1238;23807858;Грудень 2025;05.12.2025 18:57:58;громадський транспорт;Приват Sid Унів;Е-квиток Леокарт;-20,00;-53 037,67
1239;30804726;Грудень 2025;05.12.2025 18:56:54;продукти;Приват Sid Унів;SHOP DOBROBUT, 2A.ZAVODSKA ST. AVE;-211,50;-53 017,67
1240;47150151;Грудень 2025;05.12.2025 17:08:25;бонуси та кешбек;ПУМБ Sid;"385.00 385.00 0.00 Виплата винагороди по акції Запроси друга в рамках Пакета послуг No 200352883498 від 02/12/2025"" ";385,00;-1 524,72
1241;93205463;Грудень 2025;05.12.2025 17:02:42;бонуси та кешбек;ПУМБ Olenka;"385.00 385.00 0.00 Виплата винагороди по акції Запроси друга в рамках Пакета послуг No 200352889551 від 02/12/2025"" ";385,00;714,00
1242;84478920;Грудень 2025;05.12.2025 15:42:58;продукти;ПУМБ Olenka;103.00 103.00 0.00 53552800****0950 dobry pan SHEPETOVKA UAUA ;-103,00;329,00
1243;93489739;Грудень 2025;05.12.2025 15:32:46;житло та побут;Приват Sid Унів;EVA;-158,90;-52 806,17
1244;31081485;Грудень 2025;05.12.2025 14:54:04;продукти;Приват Sid Унів;Магазин  Срiбний;-171,50;-52 647,27
1245;80177238;Грудень 2025;05.12.2025 14:46:00;продукти;А-Банк Sid АТБ;АТБ;-74,69;-9 374,63
1246;77831883;Грудень 2025;05.12.2025 14:33:13;продукти;Приват Sid Унів;SIM23 #2117, RIVNE;-94,00;-52 475,77
1247;18384879;Грудень 2025;05.12.2025 13:53:58;продукти;Приват Sid Унів;MARKET, 32.32.PYMONENKA ST AVE;-81,00;-52 381,77
1248;79011205;Грудень 2025;05.12.2025 12:43:59;техніка і цифрові товари;Приват Sid Унів;Фотохатка;-344,00;-52 300,77
1249;25884695;Грудень 2025;05.12.2025 06:59:13;переказ з чужого рахунку;ПУМБ Olenka;0.00 0.00 0.00 53552800****0950 GOOGLE *WALLET TEMP MOUNTAIN VIEW US Перевірка рахунку;0,00;432,00
1250;07502052;Грудень 2025;04.12.2025 17:13:00;продукти;А-Банк Sid АТБ;АТБ;-31,60;-9 299,94
1251;31200440;Грудень 2025;04.12.2025 16:36:31;переказ на чужий рахунок;ПУМБ Olenka;1000.00 1000.00 0.00 ACCOUNT 26209122872688. TO CARD*2759 ;-1 000,00;432,00
1252;61079840;Грудень 2025;04.12.2025 15:50:26;переказ з чужого рахунку;ПУМБ Olenka;1227.00 1227.00 0.00 53552800****0950 PRIVAT KYIV UA ;1 227,00;1 432,00
1253;52868034;Грудень 2025;04.12.2025 15:14:44;переказ на чужий рахунок;ПУМБ Olenka;505.00 505.00 0.00 ACCOUNT 26209122872688. TO CARD*7761 ;-505,00;205,00
1254;05597616;Грудень 2025;04.12.2025 14:07:48;продукти;Приват Sid Унів;MARKET, 32.32.PYMONENKA ST AVE;-26,00;-51 956,77
1255;39543562;Грудень 2025;04.12.2025 13:53:09;продукти;Приват Sid Унів;KORETSKI KOVBASY RYBA, SHEPETIVKA;-360,22;-51 930,77
1256;40432965;Грудень 2025;04.12.2025 12:34:28;зняття готівки;Приват Sid Виплати;Зняття готівки в банкоматі;-2 000,00;2 180,04
1257;35951636;Грудень 2025;04.12.2025 11:17:31;переказ з чужого рахунку;ПУМБ Olenka;585.00 585.00 0.00 53552800****0950 A2C PUMB ONLINE MOB KYIV UA ;585,00;710,00
1258;50131440;Грудень 2025;03.12.2025 21:01:00;бонуси та кешбек;А-Банк Sid Кешбек;Зимова підтримка;3 000,00;3 994,22
1259;44200275;Грудень 2025;03.12.2025 17:06:58;ресторани та розваги;Приват Sid Унів;KFC;-249,00;-51 570,55
1260;23843032;Грудень 2025;03.12.2025 15:50:00;продукти;А-Банк Sid АТБ;АТБ;-111,09;-9 268,34
1261;60730910;Грудень 2025;03.12.2025 13:45:51;бонуси та кешбек;ПУМБ Sid;154.00 154.00 0.00 Виплата винагороди бонус ПУМБ по акції Нагороди з ПУМБ в рамках Пакета послуг № 200352883498 від 02/12/2025 ;154,00;-1 909,72
1262;57618010;Грудень 2025;03.12.2025 13:21:15;поштові послуги;ПУМБ Sid;596.32 596.32 0.00 53552800****4805 NovaPay_PNFP24009 SHEPETIVKA UAUA ;-596,32;-2 063,72
1263;29354169;Грудень 2025;03.12.2025 13:20:08;поштові послуги;ПУМБ Sid;1467.40 1467.40 0.00 53552800****4805 NovaPay_PNFP24009 SHEPETIVKA UAUA ;-1 467,40;-1 467,40
1264;37698042;Грудень 2025;03.12.2025 12:19:28;продукти;Приват Sid Унів;MARKET, 32.32.PYMONENKA ST AVE;-26,00;-51 321,55
1265;12912314;Грудень 2025;03.12.2025 11:16:31;компослуги;Приват Sid Унів;WWW.IPAY.UA.TELECAP, Nizhnioyurkivska 45a;-102,56;-51 295,55
1266;47748997;Грудень 2025;03.12.2025 08:50:24;переказ з чужого рахунку;ПУМБ Olenka;125.00 125.00 0.00 53552800****0950 PRIVAT KYIV UA ;125,00;125,00
1267;82714285;Грудень 2025;02.12.2025 19:59:31;продукти;Приват Sid Унів;GWater;-37,00;-51 192,99
1268;14900963;Грудень 2025;02.12.2025 19:42:00;продукти;А-Банк Sid АТБ;АТБ;-38,76;-9 157,25
1269;55135050;Грудень 2025;02.12.2025 17:46:48;спорт;Приват Sid Унів;VOVKULAKY, 166.166.PASICHNA ST AVE;-1 200,00;-51 155,99
1270;37213957;Грудень 2025;02.12.2025 17:16:53;техніка і цифрові товари;Приват Sid Унів;ПОКУПКА, Цифрові послуги;-50,00;-49 955,99
1271;89914238;Грудень 2025;02.12.2025 15:22:00;продукти;А-Банк Sid АТБ;АТБ;-43,90;-9 118,49
1272;45841557;Грудень 2025;02.12.2025 14:26:00;продукти;А-Банк Sid АТБ;АТБ;-72,70;-9 074,59
1273;66590399;Грудень 2025;02.12.2025 12:02:20;продукти;Приват Sid Унів;MARKET, 32.32.PYMONENKA ST AVE;-52,00;-49 905,99
1274;38825396;Грудень 2025;02.12.2025 11:00:43;переказ на чужий рахунок;Monobank Sid Чорна;473121****3671;-10 070,44;0,00
1275;58659954;Грудень 2025;01.12.2025 13:54:25;продукти;Приват Sid Унів;MARKET, 32.32.PYMONENKA ST AVE;-27,00;-49 853,99
1276;04422728;Грудень 2025;01.12.2025 12:37:20;продукти;Приват Sid Унів;MARKET, 32.32.PYMONENKA ST AVE;-26,00;-49 826,99
1277;69714691;Грудень 2025;01.12.2025 09:49:42;поповнення готівкою;Monobank Sid Чорна;Термінал mono;10 000,00;10 070,44
1278;53392137;Грудень 2025;01.12.2025 09:42:52;продукти;Приват Sid Унів;АТБ;-1 053,96;-49 800,99
1279;98563320;Грудень 2025;01.12.2025 09:26:11;зняття готівки;Приват Sid Виплати;Зняття готівки в банкоматі;-10 000,00;4 180,04
